Connections,,,,,,
1249,,,,,,
1068,,,,,,
937,,,,,,
1082,,,,,,
1081,,,,,,
845,,,,,,
803,,,,,,
553,,,,,,
643,,,,,,
746,,,,,,
776,,,,,,
1135,,,,,,
681,,,,,,
856,,,,,,
1059,,,,,,
897,,,,,,
1210,,,,,,
602,,,,,,
995,,,,,,
747,,,,,,
1024,,,,,,
928,,,,,,
898,,,,,,
917,,,,,,
1012,,,,,,
391,,,,,,
782,,,,,,
607,,,,,,
659,,,,,,
887,,,,,,
654,,,,,,
568,,,,,,
715,,,,,,
1088,,,,,,
1219,,,,,,
891,,,,,,
1339,,,,,,
721,,,,,,
1249,,,,,,
893,,,,,,
1092,,,,,,
720,,,,,,
1095,,,,,,
1097,,,,,,
1248,,,,,,
780,,,,,,
962,,,,,,
453,,,,,,
1048,,,,,,
932,,,,,,
1221,,,,,,
907,,,,,,
668,,,,,,
764,,,,,,
909,,,,,,
838,,,,,,
794,,,,,,
995,,,,,,
754,,,,,,
1108,,,,,,
1456,,,,,,
426,,,,,,
838,,,,,,
1100,,,,,,
1131,,,,,,
783,,,,,,
854,,,,,,
863,,,,,,
681,,,,,,
1113,,,,,,
882,,,,,,
760,,,,,,
991,,,,,,
689,,,,,,
768,,,,,,
1135,,,,,,
753,,,,,,
1489,,,,,,
705,,,,,,
1072,,,,,,
1332,,,,,,
1212,,,,,,
1020,,,,,,
931,,,,,,
1173,,,,,,
913,,,,,,
1067,,,,,,
694,,,,,,
941,,,,,,
831,,,,,,
1141,,,,,,
928,,,,,,
744,,,,,,
744,,,,,,
635,,,,,,
608,,,,,,
1113,,,,,,
788,,,,,,
767,,,,,,
1048,,,,,,
1456,,,,,,
964,,,,,,
1439,,,,,,
1153,,,,,,
919,,,,,,
675,,,,,,
1016,,,,,,
1143,,,,,,
835,,,,,,
1084,,,,,,
1020,,,,,,
1101,,,,,,
565,,,,,,
886,,,,,,
1078,,,,,,
1001,,,,,,
927,,,,,,
1329,,,,,,
813,,,,,,
299,,,,,,
1149,,,,,,
445,,,,,,
1024,,,,,,
823,,,,,,
1323,,,,,,
1214,,,,,,
1186,,,,,,
1366,,,,,,
534,,,,,,
1039,,,,,,
949,,,,,,
927,,,,,,
1006,,,,,,
1027,,,,,,
978,,,,,,
1093,,,,,,
989,,,,,,
1038,,,,,,
815,,,,,,
797,,,,,,
750,,,,,,
930,,,,,,
1055,,,,,,
1218,,,,,,
1019,,,,,,
808,,,,,,
636,,,,,,
995,,,,,,
1306,,,,,,
1404,,,,,,
952,,,,,,
965,,,,,,
868,,,,,,
832,,,,,,
829,,,,,,
1215,,,,,,
888,,,,,,
718,,,,,,
1211,,,,,,
817,,,,,,
805,,,,,,
566,,,,,,
856,,,,,,
729,,,,,,
698,,,,,,
1046,,,,,,
877,,,,,,
1107,,,,,,
494,,,,,,
872,,,,,,
1061,,,,,,
1109,,,,,,
923,,,,,,
968,,,,,,
1265,,,,,,
1226,,,,,,
1069,,,,,,
545,,,,,,
1028,,,,,,
1343,,,,,,
1273,,,,,,
1212,,,,,,
746,,,,,,
906,,,,,,
834,,,,,,
802,,,,,,
1412,,,,,,
1488,,,,,,
827,,,,,,
1130,,,,,,
1124,,,,,,
1055,,,,,,
670,,,,,,
1023,,,,,,
1183,,,,,,
1241,,,,,,
1351,,,,,,
795,,,,,,
933,,,,,,
570,,,,,,
1005,,,,,,
1014,,,,,,
672,,,,,,
892,,,,,,
861,,,,,,
587,,,,,,
375,,,,,,
730,,,,,,
1031,,,,,,
716,,,,,,
777,,,,,,
291,,,,,,
756,,,,,,
693,,,,,,
1037,,,,,,
1381,,,,,,
874,,,,,,
388,,,,,,
1119,,,,,,
1004,,,,,,
824,,,,,,
933,,,,,,
445,,,,,,
932,,,,,,
523,,,,,,
1112,,,,,,
601,,,,,,
1064,,,,,,
1152,,,,,,
990,,,,,,
932,,,,,,
788,,,,,,
1010,,,,,,
749,,,,,,
734,,,,,,
492,,,,,,
1098,,,,,,
609,,,,,,
885,,,,,,
1064,,,,,,
1325,,,,,,
998,,,,,,
804,,,,,,
898,,,,,,
800,,,,,,
1050,,,,,,
547,,,,,,
496,,,,,,
993,,,,,,
820,,,,,,
648,,,,,,
824,,,,,,
772,,,,,,
1196,,,,,,
1182,,,,,,
941,,,,,,
831,,,,,,
1066,,,,,,
796,,,,,,
634,,,,,,
757,,,,,,
916,,,,,,
802,,,,,,
1039,,,,,,
918,,,,,,
949,,,,,,
1065,,,,,,
1088,,,,,,
753,,,,,,
1034,,,,,,
897,,,,,,
914,,,,,,
817,,,,,,
744,,,,,,
1226,,,,,,
1284,,,,,,
1059,,,,,,
1082,,,,,,
821,,,,,,
1007,,,,,,
1274,,,,,,
990,,,,,,
968,,,,,,
879,,,,,,
949,,,,,,
1088,,,,,,
858,,,,,,
810,,,,,,
1053,,,,,,
904,,,,,,
859,,,,,,
625,,,,,,
1131,,,,,,
1001,,,,,,
816,,,,,,
913,,,,,,
951,,,,,,
924,,,,,,
974,,,,,,
986,,,,,,
916,,,,,,
960,,,,,,
1346,,,,,,
1190,,,,,,
918,,,,,,
884,,,,,,
559,,,,,,
787,,,,,,
1039,,,,,,
951,,,,,,
1012,,,,,,
1427,,,,,,
1096,,,,,,
766,,,,,,
1011,,,,,,
1191,,,,,,
1174,,,,,,
647,,,,,,
897,,,,,,
740,,,,,,
1417,,,,,,
310,,,,,,
1102,,,,,,
1264,,,,,,
1454,,,,,,
675,,,,,,
598,,,,,,
569,,,,,,
1041,,,,,,
615,,,,,,
1062,,,,,,
871,,,,,,
491,,,,,,
998,,,,,,
1050,,,,,,
926,,,,,,
1625,,,,,,
1216,,,,,,
876,,,,,,
1043,,,,,,
501,,,,,,
1116,,,,,,
915,,,,,,
951,,,,,,
947,,,,,,
967,,,,,,
1070,,,,,,
574,,,,,,
1288,,,,,,
1068,,,,,,
848,,,,,,
946,,,,,,
1053,,,,,,
989,,,,,,
643,,,,,,
695,,,,,,
994,,,,,,
755,,,,,,
607,,,,,,
948,,,,,,
664,,,,,,
1140,,,,,,
582,,,,,,
1594,,,,,,
1243,,,,,,
835,,,,,,
840,,,,,,
1134,,,,,,
1078,,,,,,
1031,,,,,,
1087,,,,,,
985,,,,,,
958,,,,,,
442,,,,,,
540,,,,,,
643,,,,,,
578,,,,,,
609,,,,,,
1166,,,,,,
534,,,,,,
1585,,,,,,
778,,,,,,
1076,,,,,,
588,,,,,,
1182,,,,,,
593,,,,,,
308,,,,,,
1060,,,,,,
633,,,,,,
800,,,,,,
869,,,,,,
1012,,,,,,
804,,,,,,
1079,,,,,,
905,,,,,,
407,,,,,,
1014,,,,,,
983,,,,,,
1308,,,,,,
1045,,,,,,
1313,,,,,,
1021,,,,,,
898,,,,,,
687,,,,,,
851,,,,,,
871,,,,,,
839,,,,,,
766,,,,,,
532,,,,,,
655,,,,,,
1012,,,,,,
930,,,,,,
787,,,,,,
948,,,,,,
651,,,,,,
741,,,,,,
938,,,,,,
805,,,,,,
899,,,,,,
1193,,,,,,
542,,,,,,
913,,,,,,
716,,,,,,
781,,,,,,
873,,,,,,
933,,,,,,
1329,,,,,,
782,,,,,,
1216,,,,,,
739,,,,,,
1006,,,,,,
1115,,,,,,
701,,,,,,
1222,,,,,,
1150,,,,,,
919,,,,,,
1180,,,,,,
378,,,,,,
469,,,,,,
999,,,,,,
1132,,,,,,
947,,,,,,
1203,,,,,,
1127,,,,,,
1036,,,,,,
1222,,,,,,
1121,,,,,,
1356,,,,,,
1434,,,,,,
1303,,,,,,
1161,,,,,,
757,,,,,,
1055,,,,,,
725,,,,,,
984,,,,,,
792,,,,,,
867,,,,,,
1260,,,,,,
689,,,,,,
1184,,,,,,
886,,,,,,
904,,,,,,
693,,,,,,
851,,,,,,
905,,,,,,
1045,,,,,,
1012,,,,,,
1038,,,,,,
793,,,,,,
737,,,,,,
949,,,,,,
1348,,,,,,
1626,,,,,,
778,,,,,,
1199,,,,,,
1040,,,,,,
1324,,,,,,
1177,,,,,,
709,,,,,,
730,,,,,,
591,,,,,,
615,,,,,,
521,,,,,,
863,,,,,,
704,,,,,,
897,,,,,,
1262,,,,,,
827,,,,,,
951,,,,,,
606,,,,,,
1704,,,,,,
922,,,,,,
599,,,,,,
472,,,,,,
649,,,,,,
1200,,,,,,
909,,,,,,
952,,,,,,
953,,,,,,
1081,,,,,,
818,,,,,,
1159,,,,,,
986,,,,,,
845,,,,,,
1047,,,,,,
993,,,,,,
1100,,,,,,
1140,,,,,,
861,,,,,,
1050,,,,,,
444,,,,,,
894,,,,,,
821,,,,,,
923,,,,,,
965,,,,,,
468,,,,,,
1134,,,,,,
546,,,,,,
901,,,,,,
862,,,,,,
748,,,,,,
1036,,,,,,
1490,,,,,,
403,,,,,,
1087,,,,,,
1250,,,,,,
1109,,,,,,
1184,,,,,,
433,,,,,,
736,,,,,,
505,,,,,,
1203,,,,,,
1016,,,,,,
762,,,,,,
581,,,,,,
711,,,,,,
306,,,,,,
1135,,,,,,
1044,,,,,,
1411,,,,,,
672,,,,,,
381,,,,,,
1435,,,,,,
697,,,,,,
858,,,,,,
817,,,,,,
957,,,,,,
1093,,,,,,
881,,,,,,
1210,,,,,,
864,,,,,,
1174,,,,,,
882,,,,,,
1042,,,,,,
584,,,,,,
1073,,,,,,
1175,,,,,,
577,,,,,,
975,,,,,,
1286,,,,,,
1345,,,,,,
880,,,,,,
1182,,,,,,
539,,,,,,
780,,,,,,
1325,,,,,,
1103,,,,,,
1049,,,,,,
1038,,,,,,
845,,,,,,
809,,,,,,
1287,,,,,,
981,,,,,,
944,,,,,,
472,,,,,,
1125,,,,,,
824,,,,,,
692,,,,,,
1132,,,,,,
952,,,,,,
900,,,,,,
894,,,,,,
978,,,,,,
1236,,,,,,
861,,,,,,
1261,,,,,,
857,,,,,,
912,,,,,,
1187,,,,,,
994,,,,,,
707,,,,,,
1112,,,,,,
834,,,,,,
757,,,,,,
999,,,,,,
993,,,,,,
970,,,,,,
1036,,,,,,
684,,,,,,
824,,,,,,
694,,,,,,
726,,,,,,
1191,,,,,,
956,,,,,,
1010,,,,,,
655,,,,,,
997,,,,,,
1072,,,,,,
1212,,,,,,
956,,,,,,
1108,,,,,,
719,,,,,,
718,,,,,,
618,,,,,,
1101,,,,,,
1262,,,,,,
936,,,,,,
878,,,,,,
1327,,,,,,
1055,,,,,,
958,,,,,,
638,,,,,,
979,,,,,,
1096,,,,,,
867,,,,,,
961,,,,,,
1355,,,,,,
865,,,,,,
957,,,,,,
1098,,,,,,
904,,,,,,
379,,,,,,
1122,,,,,,
678,,,,,,
1136,,,,,,
799,,,,,,
550,,,,,,
634,,,,,,
651,,,,,,
695,,,,,,
648,,,,,,
811,,,,,,
1021,,,,,,
824,,,,,,
1061,,,,,,
1172,,,,,,
869,,,,,,
872,,,,,,
1131,,,,,,
909,,,,,,
882,,,,,,
828,,,,,,
687,,,,,,
1137,,,,,,
1059,,,,,,
1722,,,,,,
787,,,,,,
915,,,,,,
1009,,,,,,
640,,,,,,
805,,,,,,
446,,,,,,
1113,,,,,,
1360,,,,,,
939,,,,,,
689,,,,,,
762,,,,,,
801,,,,,,
1130,,,,,,
964,,,,,,
970,,,,,,
1255,,,,,,
901,,,,,,
1428,,,,,,
1096,,,,,,
1081,,,,,,
1181,,,,,,
712,,,,,,
1234,,,,,,
965,,,,,,
876,,,,,,
575,,,,,,
1032,,,,,,
985,,,,,,
882,,,,,,
886,,,,,,
989,,,,,,
1072,,,,,,
1061,,,,,,
1161,,,,,,
644,,,,,,
649,,,,,,
1392,,,,,,
1053,,,,,,
749,,,,,,
997,,,,,,
1192,,,,,,
827,,,,,,
486,,,,,,
994,,,,,,
1203,,,,,,
1137,,,,,,
586,,,,,,
1151,,,,,,
974,,,,,,
855,,,,,,
1525,,,,,,
265,,,,,,
1079,,,,,,
1204,,,,,,
435,,,,,,
843,,,,,,
788,,,,,,
1021,,,,,,
1056,,,,,,
607,,,,,,
824,,,,,,
1242,,,,,,
821,,,,,,
1153,,,,,,
956,,,,,,
594,,,,,,
976,,,,,,
404,,,,,,
895,,,,,,
639,,,,,,
724,,,,,,
770,,,,,,
923,,,,,,
1024,,,,,,
264,,,,,,
533,,,,,,
713,,,,,,
1510,,,,,,
544,,,,,,
851,,,,,,
731,,,,,,
795,,,,,,
1152,,,,,,
650,,,,,,
805,,,,,,
624,,,,,,
459,,,,,,
1369,,,,,,
887,,,,,,
708,,,,,,
695,,,,,,
978,,,,,,
1339,,,,,,
1050,,,,,,
899,,,,,,
1012,,,,,,
970,,,,,,
771,,,,,,
1006,,,,,,
704,,,,,,
765,,,,,,
1276,,,,,,
1042,,,,,,
660,,,,,,
907,,,,,,
1024,,,,,,
1040,,,,,,
595,,,,,,
1055,,,,,,
553,,,,,,
798,,,,,,
754,,,,,,
898,,,,,,
1129,,,,,,
796,,,,,,
973,,,,,,
1118,,,,,,
819,,,,,,
800,,,,,,
1195,,,,,,
1071,,,,,,
774,,,,,,
951,,,,,,
1170,,,,,,
865,,,,,,
1052,,,,,,
890,,,,,,
1031,,,,,,
837,,,,,,
977,,,,,,
755,,,,,,
1296,,,,,,
532,,,,,,
855,,,,,,
797,,,,,,
456,,,,,,
766,,,,,,
631,,,,,,
1016,,,,,,
1334,,,,,,
1189,,,,,,
924,,,,,,
969,,,,,,
1078,,,,,,
1084,,,,,,
467,,,,,,
980,,,,,,
1183,,,,,,
931,,,,,,
887,,,,,,
918,,,,,,
386,,,,,,
1001,,,,,,
1057,,,,,,
1203,,,,,,
1095,,,,,,
691,,,,,,
1023,,,,,,
1100,,,,,,
965,,,,,,
962,,,,,,
898,,,,,,
899,,,,,,
1323,,,,,,
767,,,,,,
1125,,,,,,
1063,,,,,,
977,,,,,,
584,,,,,,
923,,,,,,
848,,,,,,
1008,,,,,,
798,,,,,,
861,,,,,,
1120,,,,,,
1070,,,,,,
586,,,,,,
1023,,,,,,
1045,,,,,,
623,,,,,,
1559,,,,,,
796,,,,,,
1165,,,,,,
909,,,,,,
677,,,,,,
910,,,,,,
1076,,,,,,
1005,,,,,,
906,,,,,,
535,,,,,,
991,,,,,,
890,,,,,,
1231,,,,,,
867,,,,,,
1188,,,,,,
740,,,,,,
1002,,,,,,
1238,,,,,,
1075,,,,,,
1031,,,,,,
862,,,,,,
846,,,,,,
886,,,,,,
828,,,,,,
858,,,,,,
659,,,,,,
915,,,,,,
927,,,,,,
778,,,,,,
684,,,,,,
848,,,,,,
1248,,,,,,
1079,,,,,,
669,,,,,,
1152,,,,,,
964,,,,,,
781,,,,,,
589,,,,,,
850,,,,,,
951,,,,,,
636,,,,,,
1211,,,,,,
1288,,,,,,
990,,,,,,
593,,,,,,
969,,,,,,
641,,,,,,
1237,,,,,,
1244,,,,,,
832,,,,,,
912,,,,,,
243,,,,,,
1286,,,,,,
796,,,,,,
739,,,,,,
1124,,,,,,
958,,,,,,
1172,,,,,,
906,,,,,,
829,,,,,,
610,,,,,,
691,,,,,,
832,,,,,,
1113,,,,,,
944,,,,,,
1134,,,,,,
1114,,,,,,
741,,,,,,
913,,,,,,
1150,,,,,,
816,,,,,,
669,,,,,,
829,,,,,,
593,,,,,,
848,,,,,,
1163,,,,,,
507,,,,,,
736,,,,,,
1173,,,,,,
687,,,,,,
924,,,,,,
1072,,,,,,
1033,,,,,,
1338,,,,,,
687,,,,,,
938,,,,,,
974,,,,,,
589,,,,,,
1522,,,,,,
693,,,,,,
1216,,,,,,
1126,,,,,,
779,,,,,,
707,,,,,,
1286,,,,,,
726,,,,,,
1463,,,,,,
951,,,,,,
865,,,,,,
742,,,,,,
1053,,,,,,
954,,,,,,
899,,,,,,
945,,,,,,
894,,,,,,
752,,,,,,
747,,,,,,
986,,,,,,
601,,,,,,
1302,,,,,,
1229,,,,,,
830,,,,,,
1139,,,,,,
717,,,,,,
859,,,,,,
1204,,,,,,
837,,,,,,
1327,,,,,,
1201,,,,,,
1291,,,,,,
1110,,,,,,
668,,,,,,
1141,,,,,,
793,,,,,,
795,,,,,,
1097,,,,,,
926,,,,,,
1492,,,,,,
1006,,,,,,
802,,,,,,
1306,,,,,,
413,,,,,,
834,,,,,,
1100,,,,,,
702,,,,,,
848,,,,,,
846,,,,,,
1053,,,,,,
1025,,,,,,
981,,,,,,
905,,,,,,
1088,,,,,,
1045,,,,,,
1019,,,,,,
801,,,,,,
1379,,,,,,
1128,,,,,,
1131,,,,,,
998,,,,,,
465,,,,,,
1222,,,,,,
814,,,,,,
865,,,,,,
840,,,,,,
274,,,,,,
1043,,,,,,
1055,,,,,,
780,,,,,,
725,,,,,,
825,,,,,,
856,,,,,,
606,,,,,,
649,,,,,,
898,,,,,,
809,,,,,,
535,,,,,,
823,,,,,,
1100,,,,,,
713,,,,,,
1051,,,,,,
683,,,,,,
657,,,,,,
995,,,,,,
624,,,,,,
919,,,,,,
869,,,,,,
1290,,,,,,
1211,,,,,,
963,,,,,,
369,,,,,,
932,,,,,,
926,,,,,,
825,,,,,,
1014,,,,,,
794,,,,,,
707,,,,,,
795,,,,,,
501,,,,,,
726,,,,,,
722,,,,,,
527,,,,,,
881,,,,,,
810,,,,,,
982,,,,,,
710,,,,,,
1209,,,,,,
1561,,,,,,
893,,,,,,
793,,,,,,
621,,,,,,
1346,,,,,,
1129,,,,,,
1001,,,,,,
910,,,,,,
1097,,,,,,
1201,,,,,,
1158,,,,,,
476,,,,,,
924,,,,,,
981,,,,,,
1143,,,,,,
793,,,,,,
918,,,,,,
882,,,,,,
638,,,,,,
1080,,,,,,
556,,,,,,
954,,,,,,
944,,,,,,
895,,,,,,
118,,,,,,
1105,,,,,,
979,,,,,,
776,,,,,,
73,,,,,,
631,,,,,,
837,,,,,,
1163,,,,,,
302,,,,,,
868,,,,,,
1600,,,,,,
1138,,,,,,
1254,,,,,,
673,,,,,,
834,,,,,,
473,,,,,,
1051,,,,,,
1230,,,,,,
702,,,,,,
1089,,,,,,
954,,,,,,
1119,,,,,,
473,,,,,,
735,,,,,,
1082,,,,,,
951,,,,,,
893,,,,,,
775,,,,,,
954,,,,,,
888,,,,,,
903,,,,,,
860,,,,,,
408,,,,,,
944,,,,,,
910,,,,,,
969,,,,,,
1122,,,,,,
1280,,,,,,
941,,,,,,
861,,,,,,
1224,,,,,,
1213,,,,,,
1276,,,,,,
1042,,,,,,
1427,,,,,,
591,,,,,,
1008,,,,,,
577,,,,,,
926,,,,,,
424,,,,,,
861,,,,,,
418,,,,,,
894,,,,,,
779,,,,,,
1033,,,,,,
928,,,,,,
807,,,,,,
1036,,,,,,
720,,,,,,
681,,,,,,
667,,,,,,
1250,,,,,,
878,,,,,,
918,,,,,,
814,,,,,,
963,,,,,,
679,,,,,,
1336,,,,,,
1052,,,,,,
1066,,,,,,
881,,,,,,
1110,,,,,,
897,,,,,,
460,,,,,,
1381,,,,,,
1281,,,,,,
886,,,,,,
1071,,,,,,
857,,,,,,
1279,,,,,,
936,,,,,,
1312,,,,,,
696,,,,,,
593,,,,,,
806,,,,,,
562,,,,,,
1136,,,,,,
1035,,,,,,
1134,,,,,,
580,,,,,,
464,,,,,,
677,,,,,,
760,,,,,,
1414,,,,,,
1002,,,,,,
507,,,,,,
1126,,,,,,
557,,,,,,
878,,,,,,
907,,,,,,
373,,,,,,
818,,,,,,
959,,,,,,
852,,,,,,
868,,,,,,
595,,,,,,
980,,,,,,
648,,,,,,
877,,,,,,
1164,,,,,,
916,,,,,,
856,,,,,,
1149,,,,,,
775,,,,,,
1182,,,,,,
849,,,,,,
406,,,,,,
1043,,,,,,
922,,,,,,
1028,,,,,,
1064,,,,,,
450,,,,,,
755,,,,,,
803,,,,,,
855,,,,,,
974,,,,,,
929,,,,,,
535,,,,,,
946,,,,,,
795,,,,,,
793,,,,,,
948,,,,,,
1415,,,,,,
1080,,,,,,
854,,,,,,
874,,,,,,
1154,,,,,,
1602,,,,,,
1137,,,,,,
730,,,,,,
739,,,,,,
1226,,,,,,
1027,,,,,,
965,,,,,,
877,,,,,,
702,,,,,,
536,,,,,,
862,,,,,,
679,,,,,,
811,,,,,,
962,,,,,,
568,,,,,,
698,,,,,,
947,,,,,,
1215,,,,,,
825,,,,,,
790,,,,,,
839,,,,,,
780,,,,,,
953,,,,,,
834,,,,,,
946,,,,,,
961,,,,,,
624,,,,,,
761,,,,,,
1022,,,,,,
979,,,,,,
605,,,,,,
1053,,,,,,
462,,,,,,
961,,,,,,
1208,,,,,,
1274,,,,,,
1014,,,,,,
993,,,,,,
1043,,,,,,
1334,,,,,,
495,,,,,,
1145,,,,,,
1002,,,,,,
1439,,,,,,
1186,,,,,,
725,,,,,,
1122,,,,,,
1119,,,,,,
1241,,,,,,
1187,,,,,,
354,,,,,,
758,,,,,,
1180,,,,,,
1335,,,,,,
1070,,,,,,
608,,,,,,
1031,,,,,,
908,,,,,,
1265,,,,,,
837,,,,,,
1260,,,,,,
1305,,,,,,
1072,,,,,,
856,,,,,,
608,,,,,,
603,,,,,,
965,,,,,,
500,,,,,,
602,,,,,,
876,,,,,,
1122,,,,,,
767,,,,,,
772,,,,,,
637,,,,,,
1222,,,,,,
913,,,,,,
1040,,,,,,
510,,,,,,
1024,,,,,,
749,,,,,,
972,,,,,,
686,,,,,,
460,,,,,,
877,,,,,,
520,,,,,,
805,,,,,,
1073,,,,,,
1065,,,,,,
420,,,,,,
935,,,,,,
1086,,,,,,
933,,,,,,
1007,,,,,,
715,,,,,,
773,,,,,,
968,,,,,,
822,,,,,,
848,,,,,,
1033,,,,,,
1003,,,,,,
1105,,,,,,
822,,,,,,
854,,,,,,
1115,,,,,,
630,,,,,,
834,,,,,,
1184,,,,,,
1338,,,,,,
1109,,,,,,
1348,,,,,,
1070,,,,,,
975,,,,,,
939,,,,,,
493,,,,,,
452,,,,,,
950,,,,,,
1067,,,,,,
823,,,,,,
801,,,,,,
768,,,,,,
1472,,,,,,
944,,,,,,
620,,,,,,
1092,,,,,,
615,,,,,,
989,,,,,,
1165,,,,,,
1141,,,,,,
1138,,,,,,
826,,,,,,
1163,,,,,,
778,,,,,,
1096,,,,,,
942,,,,,,
1348,,,,,,
1238,,,,,,
724,,,,,,
1052,,,,,,
686,,,,,,
492,,,,,,
790,,,,,,
1084,,,,,,
1085,,,,,,
1170,,,,,,
929,,,,,,
626,,,,,,
1058,,,,,,
577,,,,,,
699,,,,,,
1063,,,,,,
1193,,,,,,
862,,,,,,
845,,,,,,
776,,,,,,
1143,,,,,,
878,,,,,,
643,,,,,,
817,,,,,,
630,,,,,,
1214,,,,,,
984,,,,,,
1078,,,,,,
935,,,,,,
973,,,,,,
784,,,,,,
1143,,,,,,
1090,,,,,,
571,,,,,,
848,,,,,,
1051,,,,,,
535,,,,,,
882,,,,,,
558,,,,,,
1000,,,,,,
1024,,,,,,
901,,,,,,
698,,,,,,
789,,,,,,
1127,,,,,,
1120,,,,,,
1067,,,,,,
1097,,,,,,
1331,,,,,,
912,,,,,,
1099,,,,,,
805,,,,,,
704,,,,,,
977,,,,,,
787,,,,,,
872,,,,,,
1042,,,,,,
1053,,,,,,
1190,,,,,,
849,,,,,,
962,,,,,,
1111,,,,,,
822,,,,,,
1067,,,,,,
603,,,,,,
889,,,,,,
768,,,,,,
928,,,,,,
1039,,,,,,
885,,,,,,
694,,,,,,
1305,,,,,,
1157,,,,,,
1005,,,,,,
1007,,,,,,
853,,,,,,
500,,,,,,
957,,,,,,
500,,,,,,
1171,,,,,,
1219,,,,,,
890,,,,,,
1238,,,,,,
943,,,,,,
734,,,,,,
1148,,,,,,
520,,,,,,
850,,,,,,
1360,,,,,,
1529,,,,,,
1427,,,,,,
862,,,,,,
1035,,,,,,
1061,,,,,,
586,,,,,,
727,,,,,,
803,,,,,,
910,,,,,,
873,,,,,,
1034,,,,,,
799,,,,,,
1221,,,,,,
625,,,,,,
726,,,,,,
1084,,,,,,
1271,,,,,,
617,,,,,,
717,,,,,,
871,,,,,,
463,,,,,,
1112,,,,,,
1061,,,,,,
672,,,,,,
1155,,,,,,
699,,,,,,
859,,,,,,
629,,,,,,
1042,,,,,,
769,,,,,,
1118,,,,,,
1226,,,,,,
1065,,,,,,
945,,,,,,
615,,,,,,
997,,,,,,
638,,,,,,
1111,,,,,,
501,,,,,,
1039,,,,,,
1044,,,,,,
604,,,,,,
809,,,,,,
910,,,,,,
1099,,,,,,
1106,,,,,,
946,,,,,,
1130,,,,,,
955,,,,,,
972,,,,,,
1274,,,,,,
922,,,,,,
783,,,,,,
938,,,,,,
849,,,,,,
1389,,,,,,
846,,,,,,
959,,,,,,
721,,,,,,
910,,,,,,
1192,,,,,,
1075,,,,,,
968,,,,,,
730,,,,,,
216,,,,,,
1055,,,,,,
825,,,,,,
896,,,,,,
1123,,,,,,
1241,,,,,,
656,,,,,,
1128,,,,,,
407,,,,,,
1392,,,,,,
964,,,,,,
1182,,,,,,
1372,,,,,,
618,,,,,,
955,,,,,,
829,,,,,,
703,,,,,,
682,,,,,,
864,,,,,,
751,,,,,,
616,,,,,,
1002,,,,,,
1207,,,,,,
1044,,,,,,
930,,,,,,
697,,,,,,
838,,,,,,
1215,,,,,,
895,,,,,,
912,,,,,,
324,,,,,,
857,,,,,,
446,,,,,,
1206,,,,,,
958,,,,,,
965,,,,,,
842,,,,,,
1265,,,,,,
1173,,,,,,
655,,,,,,
781,,,,,,
1055,,,,,,
1354,,,,,,
1378,,,,,,
1061,,,,,,
863,,,,,,
829,,,,,,
1253,,,,,,
739,,,,,,
1088,,,,,,
999,,,,,,
702,,,,,,
645,,,,,,
378,,,,,,
1307,,,,,,
614,,,,,,
1420,,,,,,
904,,,,,,
564,,,,,,
1029,,,,,,
1034,,,,,,
769,,,,,,
609,,,,,,
1148,,,,,,
883,,,,,,
1150,,,,,,
804,,,,,,
788,,,,,,
1316,,,,,,
1022,,,,,,
1263,,,,,,
700,,,,,,
969,,,,,,
1264,,,,,,
623,,,,,,
1052,,,,,,
608,,,,,,
743,,,,,,
1304,,,,,,
1136,,,,,,
1066,,,,,,
1075,,,,,,
1014,,,,,,
709,,,,,,
868,,,,,,
920,,,,,,
758,,,,,,
639,,,,,,
885,,,,,,
964,,,,,,
730,,,,,,
1172,,,,,,
866,,,,,,
808,,,,,,
882,,,,,,
831,,,,,,
526,,,,,,
1414,,,,,,
807,,,,,,
1053,,,,,,
788,,,,,,
702,,,,,,
664,,,,,,
890,,,,,,
514,,,,,,
1064,,,,,,
651,,,,,,
774,,,,,,
602,,,,,,
1492,,,,,,
859,,,,,,
1027,,,,,,
461,,,,,,
744,,,,,,
738,,,,,,
699,,,,,,
737,,,,,,
916,,,,,,
1250,,,,,,
1001,,,,,,
1091,,,,,,
1309,,,,,,
664,,,,,,
1289,,,,,,
502,,,,,,
933,,,,,,
1157,,,,,,
989,,,,,,
1354,,,,,,
1096,,,,,,
1120,,,,,,
770,,,,,,
703,,,,,,
872,,,,,,
719,,,,,,
1202,,,,,,
285,,,,,,
1121,,,,,,
891,,,,,,
993,,,,,,
857,,,,,,
988,,,,,,
1253,,,,,,
940,,,,,,
1114,,,,,,
1000,,,,,,
799,,,,,,
592,,,,,,
1102,,,,,,
712,,,,,,
1295,,,,,,
551,,,,,,
1019,,,,,,
1413,,,,,,
802,,,,,,
922,,,,,,
582,,,,,,
1087,,,,,,
618,,,,,,
644,,,,,,
711,,,,,,
679,,,,,,
690,,,,,,
955,,,,,,
1222,,,,,,
1041,,,,,,
792,,,,,,
392,,,,,,
701,,,,,,
1111,,,,,,
723,,,,,,
1393,,,,,,
1003,,,,,,
824,,,,,,
1053,,,,,,
847,,,,,,
607,,,,,,
812,,,,,,
846,,,,,,
1001,,,,,,
1471,,,,,,
1021,,,,,,
646,,,,,,
797,,,,,,
383,,,,,,
1300,,,,,,
769,,,,,,
825,,,,,,
1262,,,,,,
803,,,,,,
874,,,,,,
624,,,,,,
885,,,,,,
340,,,,,,
1083,,,,,,
1197,,,,,,
671,,,,,,
648,,,,,,
1002,,,,,,
1053,,,,,,
627,,,,,,
766,,,,,,
999,,,,,,
1157,,,,,,
1037,,,,,,
756,,,,,,
479,,,,,,
1066,,,,,,
1021,,,,,,
673,,,,,,
775,,,,,,
1088,,,,,,
642,,,,,,
1172,,,,,,
475,,,,,,
589,,,,,,
873,,,,,,
999,,,,,,
712,,,,,,
934,,,,,,
429,,,,,,
588,,,,,,
979,,,,,,
599,,,,,,
976,,,,,,
921,,,,,,
1041,,,,,,
946,,,,,,
795,,,,,,
1000,,,,,,
929,,,,,,
1215,,,,,,
551,,,,,,
920,,,,,,
1058,,,,,,
674,,,,,,
1190,,,,,,
828,,,,,,
1497,,,,,,
861,,,,,,
1350,,,,,,
805,,,,,,
1021,,,,,,
805,,,,,,
1240,,,,,,
1057,,,,,,
880,,,,,,
1097,,,,,,
1274,,,,,,
1242,,,,,,
1108,,,,,,
770,,,,,,
958,,,,,,
1117,,,,,,
1400,,,,,,
1219,,,,,,
814,,,,,,
597,,,,,,
886,,,,,,
865,,,,,,
622,,,,,,
636,,,,,,
822,,,,,,
682,,,,,,
1408,,,,,,
684,,,,,,
999,,,,,,
423,,,,,,
842,,,,,,
547,,,,,,
992,,,,,,
901,,,,,,
850,,,,,,
1150,,,,,,
785,,,,,,
949,,,,,,
1188,,,,,,
909,,,,,,
1186,,,,,,
595,,,,,,
1313,,,,,,
152,,,,,,
1126,,,,,,
883,,,,,,
976,,,,,,
954,,,,,,
1065,,,,,,
348,,,,,,
280,,,,,,
1014,,,,,,
689,,,,,,
887,,,,,,
1230,,,,,,
872,,,,,,
994,,,,,,
1213,,,,,,
914,,,,,,
806,,,,,,
656,,,,,,
1116,,,,,,
863,,,,,,
739,,,,,,
669,,,,,,
834,,,,,,
448,,,,,,
539,,,,,,
960,,,,,,
936,,,,,,
748,,,,,,
835,,,,,,
963,,,,,,
860,,,,,,
1078,,,,,,
914,,,,,,
657,,,,,,
693,,,,,,
1378,,,,,,
1211,,,,,,
1067,,,,,,
913,,,,,,
937,,,,,,
907,,,,,,
1240,,,,,,
1045,,,,,,
1002,,,,,,
893,,,,,,
1212,,,,,,
1228,,,,,,
1175,,,,,,
604,,,,,,
1157,,,,,,
623,,,,,,
990,,,,,,
1137,,,,,,
1015,,,,,,
1198,,,,,,
1069,,,,,,
1109,,,,,,
769,,,,,,
982,,,,,,
835,,,,,,
1315,,,,,,
1246,,,,,,
915,,,,,,
826,,,,,,
693,,,,,,
1021,,,,,,
520,,,,,,
1005,,,,,,
520,,,,,,
699,,,,,,
1025,,,,,,
879,,,,,,
1360,,,,,,
629,,,,,,
1100,,,,,,
603,,,,,,
1098,,,,,,
733,,,,,,
859,,,,,,
710,,,,,,
1249,,,,,,
1161,,,,,,
638,,,,,,
1243,,,,,,
615,,,,,,
1350,,,,,,
894,,,,,,
752,,,,,,
674,,,,,,
1342,,,,,,
690,,,,,,
1295,,,,,,
1193,,,,,,
798,,,,,,
800,,,,,,
1352,,,,,,
546,,,,,,
1184,,,,,,
795,,,,,,
1280,,,,,,
884,,,,,,
703,,,,,,
1249,,,,,,
344,,,,,,
1118,,,,,,
758,,,,,,
798,,,,,,
283,,,,,,
1159,,,,,,
894,,,,,,
1397,,,,,,
720,,,,,,
626,,,,,,
837,,,,,,
604,,,,,,
537,,,,,,
707,,,,,,
931,,,,,,
964,,,,,,
707,,,,,,
1147,,,,,,
930,,,,,,
373,,,,,,
704,,,,,,
897,,,,,,
1119,,,,,,
805,,,,,,
860,,,,,,
857,,,,,,
705,,,,,,
753,,,,,,
834,,,,,,
547,,,,,,
891,,,,,,
699,,,,,,
857,,,,,,
753,,,,,,
450,,,,,,
858,,,,,,
832,,,,,,
1047,,,,,,
986,,,,,,
750,,,,,,
847,,,,,,
642,,,,,,
1280,,,,,,
949,,,,,,
948,,,,,,
428,,,,,,
954,,,,,,
1269,,,,,,
828,,,,,,
936,,,,,,
1115,,,,,,
911,,,,,,
1086,,,,,,
680,,,,,,
1052,,,,,,
1188,,,,,,
1524,,,,,,
1221,,,,,,
974,,,,,,
950,,,,,,
1109,,,,,,
1058,,,,,,
1175,,,,,,
924,,,,,,
972,,,,,,
1068,,,,,,
1108,,,,,,
1312,,,,,,
1067,,,,,,
383,,,,,,
817,,,,,,
1052,,,,,,
735,,,,,,
719,,,,,,
876,,,,,,
673,,,,,,
780,,,,,,
735,,,,,,
823,,,,,,
1102,,,,,,
565,,,,,,
1304,,,,,,
1171,,,,,,
1040,,,,,,
997,,,,,,
720,,,,,,
1270,,,,,,
693,,,,,,
919,,,,,,
947,,,,,,
1146,,,,,,
775,,,,,,
773,,,,,,
807,,,,,,
945,,,,,,
1286,,,,,,
1120,,,,,,
1037,,,,,,
1076,,,,,,
932,,,,,,
1113,,,,,,
1139,,,,,,
726,,,,,,
907,,,,,,
849,,,,,,
921,,,,,,
909,,,,,,
979,,,,,,
759,,,,,,
813,,,,,,
992,,,,,,
1092,,,,,,
1007,,,,,,
1122,,,,,,
1159,,,,,,
664,,,,,,
897,,,,,,
744,,,,,,
1102,,,,,,
661,,,,,,
712,,,,,,
860,,,,,,
1071,,,,,,
780,,,,,,
1121,,,,,,
488,,,,,,
664,,,,,,
1155,,,,,,
1103,,,,,,
739,,,,,,
1003,,,,,,
521,,,,,,
1621,,,,,,
1032,,,,,,
866,,,,,,
474,,,,,,
1202,,,,,,
723,,,,,,
742,,,,,,
730,,,,,,
804,,,,,,
794,,,,,,
826,,,,,,
1225,,,,,,
1130,,,,,,
1303,,,,,,
1083,,,,,,
918,,,,,,
925,,,,,,
810,,,,,,
953,,,,,,
323,,,,,,
1116,,,,,,
925,,,,,,
856,,,,,,
971,,,,,,
572,,,,,,
941,,,,,,
717,,,,,,
728,,,,,,
720,,,,,,
1344,,,,,,
742,,,,,,
837,,,,,,
1122,,,,,,
904,,,,,,
586,,,,,,
916,,,,,,
940,,,,,,
817,,,,,,
867,,,,,,
449,,,,,,
1108,,,,,,
1036,,,,,,
975,,,,,,
677,,,,,,
882,,,,,,
876,,,,,,
857,,,,,,
985,,,,,,
1247,,,,,,
1417,,,,,,
1311,,,,,,
599,,,,,,
878,,,,,,
989,,,,,,
702,,,,,,
905,,,,,,
652,,,,,,
1272,,,,,,
761,,,,,,
908,,,,,,
1068,,,,,,
1280,,,,,,
852,,,,,,
1438,,,,,,
1092,,,,,,
1210,,,,,,
935,,,,,,
726,,,,,,
835,,,,,,
797,,,,,,
905,,,,,,
1181,,,,,,
252,,,,,,
830,,,,,,
648,,,,,,
1215,,,,,,
813,,,,,,
759,,,,,,
1552,,,,,,
1091,,,,,,
825,,,,,,
1552,,,,,,
1252,,,,,,
1197,,,,,,
905,,,,,,
1020,,,,,,
913,,,,,,
1170,,,,,,
907,,,,,,
749,,,,,,
889,,,,,,
878,,,,,,
1003,,,,,,
750,,,,,,
893,,,,,,
1150,,,,,,
636,,,,,,
1160,,,,,,
1114,,,,,,
1132,,,,,,
891,,,,,,
990,,,,,,
1273,,,,,,
1028,,,,,,
1330,,,,,,
770,,,,,,
706,,,,,,
324,,,,,,
1268,,,,,,
1061,,,,,,
828,,,,,,
1058,,,,,,
1168,,,,,,
653,,,,,,
1052,,,,,,
1068,,,,,,
1324,,,,,,
890,,,,,,
919,,,,,,
813,,,,,,
1143,,,,,,
1367,,,,,,
830,,,,,,
662,,,,,,
691,,,,,,
1129,,,,,,
784,,,,,,
493,,,,,,
568,,,,,,
431,,,,,,
820,,,,,,
675,,,,,,
664,,,,,,
1230,,,,,,
1011,,,,,,
876,,,,,,
1274,,,,,,
840,,,,,,
1309,,,,,,
785,,,,,,
572,,,,,,
903,,,,,,
739,,,,,,
649,,,,,,
1294,,,,,,
1225,,,,,,
1081,,,,,,
1204,,,,,,
1227,,,,,,
773,,,,,,
581,,,,,,
1238,,,,,,
1155,,,,,,
961,,,,,,
943,,,,,,
957,,,,,,
981,,,,,,
734,,,,,,
502,,,,,,
1095,,,,,,
1258,,,,,,
320,,,,,,
940,,,,,,
693,,,,,,
1150,,,,,,
1026,,,,,,
1469,,,,,,
1043,,,,,,
947,,,,,,
1090,,,,,,
787,,,,,,
979,,,,,,
1142,,,,,,
836,,,,,,
1183,,,,,,
1140,,,,,,
637,,,,,,
937,,,,,,
1326,,,,,,
798,,,,,,
673,,,,,,
529,,,,,,
1104,,,,,,
915,,,,,,
1125,,,,,,
701,,,,,,
1029,,,,,,
590,,,,,,
553,,,,,,
721,,,,,,
864,,,,,,
753,,,,,,
491,,,,,,
1363,,,,,,
1316,,,,,,
849,,,,,,
891,,,,,,
676,,,,,,
707,,,,,,
849,,,,,,
1177,,,,,,
681,,,,,,
1097,,,,,,
1342,,,,,,
1006,,,,,,
1234,,,,,,
844,,,,,,
952,,,,,,
419,,,,,,
366,,,,,,
1321,,,,,,
770,,,,,,
859,,,,,,
842,,,,,,
803,,,,,,
416,,,,,,
1178,,,,,,
914,,,,,,
760,,,,,,
1272,,,,,,
664,,,,,,
1218,,,,,,
750,,,,,,
571,,,,,,
975,,,,,,
489,,,,,,
1333,,,,,,
720,,,,,,
826,,,,,,
538,,,,,,
701,,,,,,
537,,,,,,
1124,,,,,,
1369,,,,,,
893,,,,,,
913,,,,,,
768,,,,,,
691,,,,,,
884,,,,,,
838,,,,,,
882,,,,,,
1356,,,,,,
1243,,,,,,
1000,,,,,,
788,,,,,,
885,,,,,,
846,,,,,,
534,,,,,,
932,,,,,,
910,,,,,,
170,,,,,,
792,,,,,,
1462,,,,,,
683,,,,,,
923,,,,,,
962,,,,,,
973,,,,,,
846,,,,,,
782,,,,,,
799,,,,,,
866,,,,,,
768,,,,,,
1056,,,,,,
836,,,,,,
879,,,,,,
1215,,,,,,
681,,,,,,
913,,,,,,
1011,,,,,,
754,,,,,,
1009,,,,,,
827,,,,,,
769,,,,,,
933,,,,,,
1151,,,,,,
713,,,,,,
1070,,,,,,
1006,,,,,,
885,,,,,,
1399,,,,,,
918,,,,,,
1127,,,,,,
1073,,,,,,
978,,,,,,
966,,,,,,
801,,,,,,
630,,,,,,
317,,,,,,
890,,,,,,
546,,,,,,
851,,,,,,
716,,,,,,
1042,,,,,,
734,,,,,,
1034,,,,,,
1288,,,,,,
1244,,,,,,
914,,,,,,
877,,,,,,
848,,,,,,
1172,,,,,,
741,,,,,,
1019,,,,,,
936,,,,,,
809,,,,,,
995,,,,,,
948,,,,,,
1585,,,,,,
1501,,,,,,
1387,,,,,,
922,,,,,,
1183,,,,,,
838,,,,,,
624,,,,,,
174,,,,,,
1551,,,,,,
903,,,,,,
563,,,,,,
702,,,,,,
899,,,,,,
748,,,,,,
1311,,,,,,
576,,,,,,
443,,,,,,
1205,,,,,,
594,,,,,,
581,,,,,,
585,,,,,,
1122,,,,,,
970,,,,,,
997,,,,,,
1067,,,,,,
830,,,,,,
1052,,,,,,
641,,,,,,
771,,,,,,
999,,,,,,
1119,,,,,,
1089,,,,,,
547,,,,,,
1040,,,,,,
808,,,,,,
1002,,,,,,
1065,,,,,,
1110,,,,,,
676,,,,,,
796,,,,,,
1128,,,,,,
761,,,,,,
754,,,,,,
1436,,,,,,
1013,,,,,,
694,,,,,,
598,,,,,,
619,,,,,,
1153,,,,,,
1064,,,,,,
885,,,,,,
1011,,,,,,
761,,,,,,
764,,,,,,
541,,,,,,
637,,,,,,
1138,,,,,,
803,,,,,,
822,,,,,,
595,,,,,,
616,,,,,,
582,,,,,,
716,,,,,,
817,,,,,,
1027,,,,,,
763,,,,,,
1100,,,,,,
1129,,,,,,
1042,,,,,,
551,,,,,,
1013,,,,,,
543,,,,,,
952,,,,,,
1252,,,,,,
731,,,,,,
1140,,,,,,
458,,,,,,
753,,,,,,
1098,,,,,,
1233,,,,,,
1010,,,,,,
959,,,,,,
686,,,,,,
1137,,,,,,
944,,,,,,
1121,,,,,,
1094,,,,,,
1338,,,,,,
691,,,,,,
1322,,,,,,
926,,,,,,
1116,,,,,,
1145,,,,,,
646,,,,,,
845,,,,,,
1303,,,,,,
957,,,,,,
870,,,,,,
1126,,,,,,
887,,,,,,
949,,,,,,
1079,,,,,,
702,,,,,,
1129,,,,,,
664,,,,,,
899,,,,,,
568,,,,,,
1103,,,,,,
861,,,,,,
1401,,,,,,
1215,,,,,,
950,,,,,,
575,,,,,,
1089,,,,,,
528,,,,,,
1338,,,,,,
1008,,,,,,
705,,,,,,
193,,,,,,
1054,,,,,,
970,,,,,,
798,,,,,,
1251,,,,,,
1043,,,,,,
724,,,,,,
1261,,,,,,
883,,,,,,
1041,,,,,,
704,,,,,,
1249,,,,,,
687,,,,,,
800,,,,,,
1254,,,,,,
485,,,,,,
1307,,,,,,
961,,,,,,
940,,,,,,
794,,,,,,
852,,,,,,
1136,,,,,,
839,,,,,,
498,,,,,,
636,,,,,,
1132,,,,,,
1035,,,,,,
401,,,,,,
1120,,,,,,
1100,,,,,,
759,,,,,,
1028,,,,,,
908,,,,,,
953,,,,,,
1039,,,,,,
894,,,,,,
784,,,,,,
1340,,,,,,
1293,,,,,,
953,,,,,,
1267,,,,,,
1456,,,,,,
1109,,,,,,
1342,,,,,,
946,,,,,,
1060,,,,,,
977,,,,,,
656,,,,,,
903,,,,,,
1296,,,,,,
1145,,,,,,
1229,,,,,,
1419,,,,,,
985,,,,,,
1169,,,,,,
782,,,,,,
1409,,,,,,
1117,,,,,,
1041,,,,,,
113,,,,,,
1152,,,,,,
843,,,,,,
908,,,,,,
1252,,,,,,
864,,,,,,
816,,,,,,
1074,,,,,,
763,,,,,,
1535,,,,,,
1273,,,,,,
775,,,,,,
648,,,,,,
742,,,,,,
925,,,,,,
747,,,,,,
432,,,,,,
545,,,,,,
845,,,,,,
890,,,,,,
584,,,,,,
1280,,,,,,
1018,,,,,,
1060,,,,,,
1229,,,,,,
1027,,,,,,
888,,,,,,
547,,,,,,
201,,,,,,
781,,,,,,
1610,,,,,,
728,,,,,,
1119,,,,,,
1242,,,,,,
638,,,,,,
1125,,,,,,
911,,,,,,
741,,,,,,
504,,,,,,
822,,,,,,
891,,,,,,
729,,,,,,
744,,,,,,
773,,,,,,
1083,,,,,,
955,,,,,,
1116,,,,,,
1247,,,,,,
925,,,,,,
623,,,,,,
1042,,,,,,
836,,,,,,
781,,,,,,
1081,,,,,,
1234,,,,,,
883,,,,,,
927,,,,,,
1031,,,,,,
924,,,,,,
556,,,,,,
672,,,,,,
1290,,,,,,
669,,,,,,
1401,,,,,,
706,,,,,,
968,,,,,,
675,,,,,,
1144,,,,,,
1002,,,,,,
752,,,,,,
623,,,,,,
896,,,,,,
1005,,,,,,
1131,,,,,,
1528,,,,,,
895,,,,,,
1096,,,,,,
1395,,,,,,
827,,,,,,
920,,,,,,
1037,,,,,,
1022,,,,,,
1023,,,,,,
783,,,,,,
343,,,,,,
1234,,,,,,
893,,,,,,
800,,,,,,
843,,,,,,
952,,,,,,
1367,,,,,,
808,,,,,,
770,,,,,,
920,,,,,,
941,,,,,,
992,,,,,,
1249,,,,,,
658,,,,,,
990,,,,,,
1010,,,,,,
280,,,,,,
958,,,,,,
536,,,,,,
808,,,,,,
867,,,,,,
593,,,,,,
551,,,,,,
1033,,,,,,
884,,,,,,
739,,,,,,
1282,,,,,,
1291,,,,,,
939,,,,,,
968,,,,,,
1374,,,,,,
991,,,,,,
1202,,,,,,
468,,,,,,
938,,,,,,
889,,,,,,
729,,,,,,
1151,,,,,,
1046,,,,,,
1014,,,,,,
986,,,,,,
820,,,,,,
1278,,,,,,
947,,,,,,
1361,,,,,,
557,,,,,,
811,,,,,,
853,,,,,,
733,,,,,,
881,,,,,,
358,,,,,,
1363,,,,,,
884,,,,,,
870,,,,,,
894,,,,,,
975,,,,,,
1049,,,,,,
699,,,,,,
1178,,,,,,
1024,,,,,,
771,,,,,,
1051,,,,,,
1032,,,,,,
706,,,,,,
624,,,,,,
1007,,,,,,
723,,,,,,
870,,,,,,
1388,,,,,,
1098,,,,,,
841,,,,,,
598,,,,,,
422,,,,,,
751,,,,,,
893,,,,,,
577,,,,,,
844,,,,,,
286,,,,,,
651,,,,,,
740,,,,,,
902,,,,,,
547,,,,,,
1135,,,,,,
1062,,,,,,
641,,,,,,
994,,,,,,
1218,,,,,,
1083,,,,,,
891,,,,,,
969,,,,,,
1063,,,,,,
1141,,,,,,
726,,,,,,
1043,,,,,,
957,,,,,,
906,,,,,,
895,,,,,,
461,,,,,,
764,,,,,,
945,,,,,,
1215,,,,,,
705,,,,,,
1264,,,,,,
780,,,,,,
602,,,,,,
741,,,,,,
647,,,,,,
732,,,,,,
848,,,,,,
694,,,,,,
828,,,,,,
851,,,,,,
849,,,,,,
764,,,,,,
1098,,,,,,
1040,,,,,,
898,,,,,,
1421,,,,,,
1038,,,,,,
625,,,,,,
1086,,,,,,
1043,,,,,,
842,,,,,,
454,,,,,,
1165,,,,,,
1402,,,,,,
569,,,,,,
742,,,,,,
992,,,,,,
953,,,,,,
969,,,,,,
728,,,,,,
543,,,,,,
999,,,,,,
839,,,,,,
1075,,,,,,
1257,,,,,,
794,,,,,,
1096,,,,,,
1059,,,,,,
357,,,,,,
1194,,,,,,
787,,,,,,
1168,,,,,,
926,,,,,,
1050,,,,,,
845,,,,,,
733,,,,,,
884,,,,,,
1007,,,,,,
674,,,,,,
858,,,,,,
1142,,,,,,
668,,,,,,
630,,,,,,
841,,,,,,
470,,,,,,
647,,,,,,
1074,,,,,,
670,,,,,,
641,,,,,,
968,,,,,,
1053,,,,,,
989,,,,,,
623,,,,,,
1009,,,,,,
712,,,,,,
1088,,,,,,
880,,,,,,
723,,,,,,
939,,,,,,
875,,,,,,
965,,,,,,
876,,,,,,
1118,,,,,,
731,,,,,,
1173,,,,,,
1203,,,,,,
770,,,,,,
1660,,,,,,
1082,,,,,,
671,,,,,,
1010,,,,,,
927,,,,,,
1299,,,,,,
993,,,,,,
1106,,,,,,
930,,,,,,
1186,,,,,,
723,,,,,,
851,,,,,,
1364,,,,,,
915,,,,,,
1059,,,,,,
1217,,,,,,
825,,,,,,
440,,,,,,
1253,,,,,,
1141,,,,,,
757,,,,,,
1106,,,,,,
735,,,,,,
815,,,,,,
764,,,,,,
1195,,,,,,
1019,,,,,,
976,,,,,,
590,,,,,,
932,,,,,,
1204,,,,,,
818,,,,,,
344,,,,,,
1155,,,,,,
754,,,,,,
1202,,,,,,
755,,,,,,
1217,,,,,,
854,,,,,,
677,,,,,,
647,,,,,,
542,,,,,,
1079,,,,,,
954,,,,,,
735,,,,,,
990,,,,,,
788,,,,,,
1207,,,,,,
620,,,,,,
1062,,,,,,
592,,,,,,
848,,,,,,
736,,,,,,
955,,,,,,
920,,,,,,
1561,,,,,,
983,,,,,,
879,,,,,,
923,,,,,,
821,,,,,,
658,,,,,,
730,,,,,,
1058,,,,,,
642,,,,,,
1301,,,,,,
925,,,,,,
968,,,,,,
668,,,,,,
785,,,,,,
817,,,,,,
749,,,,,,
623,,,,,,
894,,,,,,
751,,,,,,
852,,,,,,
585,,,,,,
1324,,,,,,
399,,,,,,
731,,,,,,
970,,,,,,
1327,,,,,,
1143,,,,,,
547,,,,,,
1117,,,,,,
319,,,,,,
1131,,,,,,
606,,,,,,
330,,,,,,
1443,,,,,,
1187,,,,,,
1032,,,,,,
1095,,,,,,
645,,,,,,
1076,,,,,,
1533,,,,,,
1283,,,,,,
1290,,,,,,
1092,,,,,,
956,,,,,,
799,,,,,,
1237,,,,,,
1016,,,,,,
779,,,,,,
1042,,,,,,
646,,,,,,
763,,,,,,
763,,,,,,
942,,,,,,
301,,,,,,
1361,,,,,,
1002,,,,,,
1274,,,,,,
669,,,,,,
935,,,,,,
1224,,,,,,
792,,,,,,
1008,,,,,,
813,,,,,,
670,,,,,,
852,,,,,,
1175,,,,,,
1045,,,,,,
1067,,,,,,
1159,,,,,,
917,,,,,,
1085,,,,,,
587,,,,,,
1127,,,,,,
549,,,,,,
816,,,,,,
1196,,,,,,
1078,,,,,,
743,,,,,,
1252,,,,,,
1216,,,,,,
903,,,,,,
954,,,,,,
1220,,,,,,
1300,,,,,,
1063,,,,,,
542,,,,,,
744,,,,,,
924,,,,,,
1098,,,,,,
1270,,,,,,
1037,,,,,,
947,,,,,,
778,,,,,,
1029,,,,,,
891,,,,,,
1102,,,,,,
893,,,,,,
1022,,,,,,
875,,,,,,
674,,,,,,
290,,,,,,
1245,,,,,,
788,,,,,,
1350,,,,,,
870,,,,,,
1137,,,,,,
1205,,,,,,
1054,,,,,,
920,,,,,,
1168,,,,,,
812,,,,,,
847,,,,,,
916,,,,,,
1141,,,,,,
579,,,,,,
920,,,,,,
941,,,,,,
1169,,,,,,
521,,,,,,
949,,,,,,
1187,,,,,,
1039,,,,,,
1281,,,,,,
782,,,,,,
771,,,,,,
966,,,,,,
870,,,,,,
1255,,,,,,
787,,,,,,
835,,,,,,
1068,,,,,,
939,,,,,,
959,,,,,,
1060,,,,,,
798,,,,,,
912,,,,,,
1008,,,,,,
973,,,,,,
1141,,,,,,
884,,,,,,
724,,,,,,
1255,,,,,,
825,,,,,,
1501,,,,,,
966,,,,,,
1070,,,,,,
671,,,,,,
1395,,,,,,
1069,,,,,,
810,,,,,,
673,,,,,,
366,,,,,,
996,,,,,,
1275,,,,,,
506,,,,,,
536,,,,,,
1271,,,,,,
1124,,,,,,
787,,,,,,
1269,,,,,,
795,,,,,,
437,,,,,,
1234,,,,,,
757,,,,,,
939,,,,,,
355,,,,,,
765,,,,,,
905,,,,,,
1014,,,,,,
859,,,,,,
1088,,,,,,
1081,,,,,,
808,,,,,,
630,,,,,,
564,,,,,,
965,,,,,,
829,,,,,,
842,,,,,,
886,,,,,,
1020,,,,,,
771,,,,,,
988,,,,,,
1017,,,,,,
969,,,,,,
1377,,,,,,
951,,,,,,
1274,,,,,,
997,,,,,,
1335,,,,,,
993,,,,,,
972,,,,,,
1041,,,,,,
959,,,,,,
686,,,,,,
813,,,,,,
718,,,,,,
902,,,,,,
1206,,,,,,
912,,,,,,
726,,,,,,
741,,,,,,
1098,,,,,,
979,,,,,,
845,,,,,,
840,,,,,,
850,,,,,,
821,,,,,,
1198,,,,,,
909,,,,,,
993,,,,,,
672,,,,,,
984,,,,,,
829,,,,,,
441,,,,,,
643,,,,,,
1151,,,,,,
1348,,,,,,
869,,,,,,
1014,,,,,,
875,,,,,,
674,,,,,,
866,,,,,,
1191,,,,,,
766,,,,,,
908,,,,,,
1063,,,,,,
713,,,,,,
1189,,,,,,
916,,,,,,
1152,,,,,,
871,,,,,,
953,,,,,,
477,,,,,,
1179,,,,,,
842,,,,,,
607,,,,,,
1214,,,,,,
599,,,,,,
1287,,,,,,
1266,,,,,,
645,,,,,,
425,,,,,,
704,,,,,,
1046,,,,,,
1243,,,,,,
803,,,,,,
769,,,,,,
1077,,,,,,
1294,,,,,,
1319,,,,,,
689,,,,,,
902,,,,,,
1202,,,,,,
330,,,,,,
882,,,,,,
1055,,,,,,
973,,,,,,
1051,,,,,,
1090,,,,,,
571,,,,,,
444,,,,,,
942,,,,,,
746,,,,,,
979,,,,,,
1167,,,,,,
1119,,,,,,
675,,,,,,
539,,,,,,
515,,,,,,
898,,,,,,
1311,,,,,,
977,,,,,,
722,,,,,,
940,,,,,,
772,,,,,,
815,,,,,,
1070,,,,,,
1151,,,,,,
961,,,,,,
929,,,,,,
1039,,,,,,
734,,,,,,
1050,,,,,,
638,,,,,,
967,,,,,,
806,,,,,,
902,,,,,,
695,,,,,,
1141,,,,,,
802,,,,,,
597,,,,,,
1129,,,,,,
1291,,,,,,
1375,,,,,,
496,,,,,,
1051,,,,,,
1031,,,,,,
825,,,,,,
872,,,,,,
849,,,,,,
762,,,,,,
1020,,,,,,
488,,,,,,
1128,,,,,,
1006,,,,,,
856,,,,,,
533,,,,,,
1200,,,,,,
786,,,,,,
971,,,,,,
1059,,,,,,
1258,,,,,,
876,,,,,,
662,,,,,,
1061,,,,,,
1214,,,,,,
893,,,,,,
784,,,,,,
828,,,,,,
875,,,,,,
1105,,,,,,
1176,,,,,,
1336,,,,,,
836,,,,,,
1167,,,,,,
714,,,,,,
1403,,,,,,
1089,,,,,,
1336,,,,,,
826,,,,,,
807,,,,,,
1049,,,,,,
1065,,,,,,
976,,,,,,
1193,,,,,,
757,,,,,,
1267,,,,,,
866,,,,,,
913,,,,,,
1309,,,,,,
902,,,,,,
347,,,,,,
1078,,,,,,
961,,,,,,
407,,,,,,
1242,,,,,,
745,,,,,,
1154,,,,,,
1249,,,,,,
451,,,,,,
1360,,,,,,
1293,,,,,,
1065,,,,,,
644,,,,,,
1283,,,,,,
827,,,,,,
593,,,,,,
596,,,,,,
1262,,,,,,
864,,,,,,
426,,,,,,
1177,,,,,,
1205,,,,,,
695,,,,,,
484,,,,,,
726,,,,,,
700,,,,,,
448,,,,,,
1543,,,,,,
612,,,,,,
1067,,,,,,
803,,,,,,
575,,,,,,
912,,,,,,
857,,,,,,
997,,,,,,
1096,,,,,,
631,,,,,,
1031,,,,,,
814,,,,,,
1376,,,,,,
257,,,,,,
731,,,,,,
1166,,,,,,
1112,,,,,,
742,,,,,,
922,,,,,,
1055,,,,,,
914,,,,,,
1033,,,,,,
1195,,,,,,
1408,,,,,,
583,,,,,,
547,,,,,,
767,,,,,,
527,,,,,,
918,,,,,,
988,,,,,,
428,,,,,,
921,,,,,,
908,,,,,,
550,,,,,,
1353,,,,,,
582,,,,,,
639,,,,,,
1387,,,,,,
1002,,,,,,
1019,,,,,,
1122,,,,,,
991,,,,,,
947,,,,,,
1020,,,,,,
486,,,,,,
233,,,,,,
752,,,,,,
809,,,,,,
771,,,,,,
920,,,,,,
1164,,,,,,
1054,,,,,,
1069,,,,,,
1243,,,,,,
574,,,,,,
799,,,,,,
1194,,,,,,
1001,,,,,,
684,,,,,,
954,,,,,,
398,,,,,,
928,,,,,,
886,,,,,,
720,,,,,,
987,,,,,,
1106,,,,,,
727,,,,,,
1314,,,,,,
664,,,,,,
915,,,,,,
835,,,,,,
564,,,,,,
979,,,,,,
740,,,,,,
769,,,,,,
611,,,,,,
1094,,,,,,
1075,,,,,,
1003,,,,,,
755,,,,,,
411,,,,,,
1161,,,,,,
924,,,,,,
1001,,,,,,
609,,,,,,
977,,,,,,
905,,,,,,
1223,,,,,,
859,,,,,,
859,,,,,,
1271,,,,,,
798,,,,,,
877,,,,,,
703,,,,,,
1145,,,,,,
962,,,,,,
770,,,,,,
298,,,,,,
935,,,,,,
1003,,,,,,
860,,,,,,
969,,,,,,
793,,,,,,
1211,,,,,,
926,,,,,,
883,,,,,,
817,,,,,,
524,,,,,,
1034,,,,,,
1344,,,,,,
838,,,,,,
894,,,,,,
987,,,,,,
516,,,,,,
1078,,,,,,
1117,,,,,,
1047,,,,,,
736,,,,,,
930,,,,,,
639,,,,,,
1131,,,,,,
718,,,,,,
793,,,,,,
879,,,,,,
713,,,,,,
1061,,,,,,
1128,,,,,,
1153,,,,,,
931,,,,,,
831,,,,,,
608,,,,,,
1232,,,,,,
854,,,,,,
813,,,,,,
914,,,,,,
996,,,,,,
834,,,,,,
794,,,,,,
1414,,,,,,
769,,,,,,
1075,,,,,,
833,,,,,,
967,,,,,,
824,,,,,,
943,,,,,,
905,,,,,,
801,,,,,,
869,,,,,,
1182,,,,,,
910,,,,,,
1308,,,,,,
674,,,,,,
1317,,,,,,
1186,,,,,,
1311,,,,,,
651,,,,,,
860,,,,,,
1031,,,,,,
1097,,,,,,
1538,,,,,,
674,,,,,,
776,,,,,,
1326,,,,,,
618,,,,,,
791,,,,,,
576,,,,,,
977,,,,,,
1083,,,,,,
1286,,,,,,
1408,,,,,,
921,,,,,,
806,,,,,,
935,,,,,,
796,,,,,,
737,,,,,,
1067,,,,,,
1198,,,,,,
625,,,,,,
1039,,,,,,
943,,,,,,
819,,,,,,
764,,,,,,
901,,,,,,
737,,,,,,
1062,,,,,,
879,,,,,,
838,,,,,,
1131,,,,,,
1066,,,,,,
855,,,,,,
1474,,,,,,
1117,,,,,,
721,,,,,,
720,,,,,,
1080,,,,,,
1072,,,,,,
832,,,,,,
1118,,,,,,
1555,,,,,,
759,,,,,,
355,,,,,,
507,,,,,,
956,,,,,,
1290,,,,,,
532,,,,,,
781,,,,,,
1160,,,,,,
792,,,,,,
872,,,,,,
722,,,,,,
606,,,,,,
1118,,,,,,
1044,,,,,,
639,,,,,,
973,,,,,,
953,,,,,,
1131,,,,,,
1042,,,,,,
580,,,,,,
1046,,,,,,
757,,,,,,
878,,,,,,
1600,,,,,,
750,,,,,,
801,,,,,,
941,,,,,,
705,,,,,,
623,,,,,,
1032,,,,,,
1055,,,,,,
1041,,,,,,
918,,,,,,
1020,,,,,,
1184,,,,,,
918,,,,,,
739,,,,,,
1009,,,,,,
1131,,,,,,
1032,,,,,,
1250,,,,,,
800,,,,,,
971,,,,,,
1098,,,,,,
906,,,,,,
781,,,,,,
577,,,,,,
1001,,,,,,
1093,,,,,,
843,,,,,,
1012,,,,,,
874,,,,,,
825,,,,,,
942,,,,,,
1051,,,,,,
1150,,,,,,
964,,,,,,
932,,,,,,
903,,,,,,
436,,,,,,
1196,,,,,,
1002,,,,,,
469,,,,,,
995,,,,,,
647,,,,,,
731,,,,,,
1216,,,,,,
667,,,,,,
1012,,,,,,
1157,,,,,,
778,,,,,,
816,,,,,,
467,,,,,,
1256,,,,,,
738,,,,,,
620,,,,,,
1276,,,,,,
1262,,,,,,
1046,,,,,,
682,,,,,,
1070,,,,,,
639,,,,,,
568,,,,,,
313,,,,,,
1448,,,,,,
664,,,,,,
1063,,,,,,
713,,,,,,
998,,,,,,
921,,,,,,
589,,,,,,
722,,,,,,
1318,,,,,,
1777,,,,,,
1210,,,,,,
1512,,,,,,
1521,,,,,,
1079,,,,,,
755,,,,,,
859,,,,,,
923,,,,,,
1026,,,,,,
1328,,,,,,
760,,,,,,
264,,,,,,
540,,,,,,
1330,,,,,,
1515,,,,,,
1179,,,,,,
1064,,,,,,
824,,,,,,
1133,,,,,,
956,,,,,,
920,,,,,,
1068,,,,,,
819,,,,,,
847,,,,,,
735,,,,,,
640,,,,,,
689,,,,,,
1086,,,,,,
1007,,,,,,
899,,,,,,
951,,,,,,
1257,,,,,,
689,,,,,,
988,,,,,,
838,,,,,,
676,,,,,,
1071,,,,,,
1328,,,,,,
1115,,,,,,
1022,,,,,,
575,,,,,,
801,,,,,,
487,,,,,,
837,,,,,,
936,,,,,,
716,,,,,,
1235,,,,,,
779,,,,,,
813,,,,,,
819,,,,,,
512,,,,,,
495,,,,,,
1107,,,,,,
953,,,,,,
1125,,,,,,
1167,,,,,,
874,,,,,,
1159,,,,,,
889,,,,,,
818,,,,,,
1112,,,,,,
1241,,,,,,
1145,,,,,,
752,,,,,,
706,,,,,,
651,,,,,,
835,,,,,,
985,,,,,,
474,,,,,,
1000,,,,,,
186,,,,,,
896,,,,,,
823,,,,,,
947,,,,,,
1025,,,,,,
1234,,,,,,
1063,,,,,,
913,,,,,,
792,,,,,,
1123,,,,,,
541,,,,,,
930,,,,,,
808,,,,,,
1092,,,,,,
646,,,,,,
1113,,,,,,
987,,,,,,
901,,,,,,
1013,,,,,,
582,,,,,,
951,,,,,,
979,,,,,,
966,,,,,,
915,,,,,,
1269,,,,,,
741,,,,,,
773,,,,,,
987,,,,,,
777,,,,,,
923,,,,,,
811,,,,,,
981,,,,,,
943,,,,,,
1104,,,,,,
894,,,,,,
699,,,,,,
1116,,,,,,
1500,,,,,,
906,,,,,,
676,,,,,,
971,,,,,,
854,,,,,,
1256,,,,,,
1298,,,,,,
723,,,,,,
450,,,,,,
946,,,,,,
1106,,,,,,
956,,,,,,
825,,,,,,
886,,,,,,
778,,,,,,
1038,,,,,,
1226,,,,,,
604,,,,,,
940,,,,,,
817,,,,,,
598,,,,,,
279,,,,,,
971,,,,,,
1104,,,,,,
861,,,,,,
679,,,,,,
803,,,,,,
1007,,,,,,
909,,,,,,
1007,,,,,,
1041,,,,,,
1199,,,,,,
1112,,,,,,
853,,,,,,
1082,,,,,,
928,,,,,,
1361,,,,,,
890,,,,,,
608,,,,,,
446,,,,,,
1198,,,,,,
303,,,,,,
725,,,,,,
736,,,,,,
1050,,,,,,
914,,,,,,
518,,,,,,
714,,,,,,
696,,,,,,
699,,,,,,
992,,,,,,
844,,,,,,
968,,,,,,
728,,,,,,
942,,,,,,
789,,,,,,
496,,,,,,
772,,,,,,
1083,,,,,,
425,,,,,,
549,,,,,,
1162,,,,,,
1006,,,,,,
826,,,,,,
1067,,,,,,
893,,,,,,
401,,,,,,
1075,,,,,,
607,,,,,,
1225,,,,,,
926,,,,,,
1230,,,,,,
588,,,,,,
607,,,,,,
1417,,,,,,
653,,,,,,
1317,,,,,,
1222,,,,,,
634,,,,,,
767,,,,,,
710,,,,,,
943,,,,,,
648,,,,,,
871,,,,,,
837,,,,,,
1278,,,,,,
943,,,,,,
915,,,,,,
819,,,,,,
1288,,,,,,
706,,,,,,
1053,,,,,,
1160,,,,,,
785,,,,,,
1119,,,,,,
1441,,,,,,
966,,,,,,
1218,,,,,,
825,,,,,,
1220,,,,,,
522,,,,,,
951,,,,,,
1107,,,,,,
1038,,,,,,
1074,,,,,,
1264,,,,,,
1055,,,,,,
456,,,,,,
1009,,,,,,
358,,,,,,
665,,,,,,
686,,,,,,
836,,,,,,
829,,,,,,
1346,,,,,,
738,,,,,,
1250,,,,,,
479,,,,,,
504,,,,,,
971,,,,,,
1307,,,,,,
696,,,,,,
1203,,,,,,
1217,,,,,,
769,,,,,,
855,,,,,,
1149,,,,,,
709,,,,,,
968,,,,,,
978,,,,,,
890,,,,,,
580,,,,,,
1067,,,,,,
682,,,,,,
1306,,,,,,
1070,,,,,,
1314,,,,,,
622,,,,,,
1088,,,,,,
469,,,,,,
1005,,,,,,
1045,,,,,,
751,,,,,,
1077,,,,,,
582,,,,,,
666,,,,,,
743,,,,,,
722,,,,,,
1033,,,,,,
409,,,,,,
718,,,,,,
666,,,,,,
1164,,,,,,
541,,,,,,
790,,,,,,
1258,,,,,,
716,,,,,,
155,,,,,,
900,,,,,,
898,,,,,,
914,,,,,,
1004,,,,,,
849,,,,,,
996,,,,,,
426,,,,,,
561,,,,,,
935,,,,,,
847,,,,,,
930,,,,,,
623,,,,,,
802,,,,,,
1076,,,,,,
907,,,,,,
1029,,,,,,
1047,,,,,,
758,,,,,,
815,,,,,,
826,,,,,,
1155,,,,,,
1019,,,,,,
1222,,,,,,
940,,,,,,
728,,,,,,
1434,,,,,,
824,,,,,,
788,,,,,,
964,,,,,,
719,,,,,,
857,,,,,,
1131,,,,,,
961,,,,,,
1224,,,,,,
962,,,,,,
647,,,,,,
829,,,,,,
1426,,,,,,
888,,,,,,
1091,,,,,,
504,,,,,,
757,,,,,,
612,,,,,,
1014,,,,,,
837,,,,,,
1228,,,,,,
1271,,,,,,
1164,,,,,,
860,,,,,,
808,,,,,,
1008,,,,,,
872,,,,,,
938,,,,,,
1105,,,,,,
418,,,,,,
565,,,,,,
1013,,,,,,
968,,,,,,
1120,,,,,,
887,,,,,,
668,,,,,,
879,,,,,,
1192,,,,,,
1333,,,,,,
774,,,,,,
1037,,,,,,
1108,,,,,,
829,,,,,,
1000,,,,,,
1416,,,,,,
1450,,,,,,
1383,,,,,,
1079,,,,,,
752,,,,,,
654,,,,,,
1093,,,,,,
717,,,,,,
674,,,,,,
375,,,,,,
1037,,,,,,
1264,,,,,,
936,,,,,,
998,,,,,,
374,,,,,,
1054,,,,,,
786,,,,,,
992,,,,,,
832,,,,,,
586,,,,,,
721,,,,,,
1063,,,,,,
909,,,,,,
1209,,,,,,
1010,,,,,,
761,,,,,,
925,,,,,,
694,,,,,,
970,,,,,,
864,,,,,,
1174,,,,,,
1465,,,,,,
1397,,,,,,
795,,,,,,
872,,,,,,
701,,,,,,
994,,,,,,
623,,,,,,
782,,,,,,
1320,,,,,,
1013,,,,,,
843,,,,,,
783,,,,,,
1368,,,,,,
669,,,,,,
452,,,,,,
1348,,,,,,
942,,,,,,
1544,,,,,,
805,,,,,,
715,,,,,,
1192,,,,,,
1048,,,,,,
943,,,,,,
1076,,,,,,
862,,,,,,
935,,,,,,
1088,,,,,,
1123,,,,,,
819,,,,,,
490,,,,,,
954,,,,,,
925,,,,,,
241,,,,,,
851,,,,,,
1023,,,,,,
1210,,,,,,
1292,,,,,,
969,,,,,,
612,,,,,,
1010,,,,,,
943,,,,,,
760,,,,,,
984,,,,,,
519,,,,,,
1183,,,,,,
1342,,,,,,
1085,,,,,,
894,,,,,,
1188,,,,,,
947,,,,,,
1105,,,,,,
1005,,,,,,
1378,,,,,,
1228,,,,,,
946,,,,,,
725,,,,,,
933,,,,,,
1002,,,,,,
1125,,,,,,
1133,,,,,,
1503,,,,,,
1020,,,,,,
521,,,,,,
1259,,,,,,
1214,,,,,,
594,,,,,,
963,,,,,,
727,,,,,,
907,,,,,,
591,,,,,,
916,,,,,,
1262,,,,,,
1020,,,,,,
1107,,,,,,
1238,,,,,,
772,,,,,,
1710,,,,,,
1039,,,,,,
979,,,,,,
993,,,,,,
851,,,,,,
1168,,,,,,
779,,,,,,
996,,,,,,
1186,,,,,,
644,,,,,,
615,,,,,,
684,,,,,,
1551,,,,,,
1191,,,,,,
784,,,,,,
779,,,,,,
1331,,,,,,
1684,,,,,,
941,,,,,,
1231,,,,,,
576,,,,,,
1264,,,,,,
1099,,,,,,
1156,,,,,,
1220,,,,,,
713,,,,,,
832,,,,,,
899,,,,,,
1314,,,,,,
739,,,,,,
884,,,,,,
871,,,,,,
840,,,,,,
1086,,,,,,
877,,,,,,
1211,,,,,,
645,,,,,,
955,,,,,,
441,,,,,,
1097,,,,,,
1156,,,,,,
1076,,,,,,
1448,,,,,,
1469,,,,,,
818,,,,,,
1415,,,,,,
496,,,,,,
1113,,,,,,
858,,,,,,
1103,,,,,,
967,,,,,,
920,,,,,,
1236,,,,,,
1440,,,,,,
602,,,,,,
980,,,,,,
985,,,,,,
932,,,,,,
761,,,,,,
1086,,,,,,
1365,,,,,,
908,,,,,,
904,,,,,,
958,,,,,,
826,,,,,,
1206,,,,,,
1221,,,,,,
858,,,,,,
930,,,,,,
1057,,,,,,
653,,,,,,
865,,,,,,
403,,,,,,
1064,,,,,,
971,,,,,,
1092,,,,,,
951,,,,,,
1035,,,,,,
636,,,,,,
745,,,,,,
1215,,,,,,
1329,,,,,,
1051,,,,,,
1027,,,,,,
1282,,,,,,
954,,,,,,
1194,,,,,,
1190,,,,,,
925,,,,,,
1151,,,,,,
904,,,,,,
824,,,,,,
1157,,,,,,
1110,,,,,,
656,,,,,,
770,,,,,,
838,,,,,,
1048,,,,,,
1226,,,,,,
758,,,,,,
835,,,,,,
753,,,,,,
322,,,,,,
1120,,,,,,
1149,,,,,,
1089,,,,,,
899,,,,,,
959,,,,,,
865,,,,,,
1216,,,,,,
661,,,,,,
871,,,,,,
873,,,,,,
926,,,,,,
984,,,,,,
604,,,,,,
915,,,,,,
955,,,,,,
897,,,,,,
999,,,,,,
936,,,,,,
877,,,,,,
930,,,,,,
715,,,,,,
879,,,,,,
781,,,,,,
556,,,,,,
1259,,,,,,
1167,,,,,,
1457,,,,,,
932,,,,,,
919,,,,,,
1090,,,,,,
1075,,,,,,
822,,,,,,
769,,,,,,
750,,,,,,
560,,,,,,
1033,,,,,,
947,,,,,,
580,,,,,,
1085,,,,,,
326,,,,,,
1609,,,,,,
1045,,,,,,
933,,,,,,
1056,,,,,,
584,,,,,,
986,,,,,,
895,,,,,,
1196,,,,,,
996,,,,,,
842,,,,,,
1113,,,,,,
1083,,,,,,
856,,,,,,
1049,,,,,,
791,,,,,,
844,,,,,,
1096,,,,,,
867,,,,,,
1110,,,,,,
797,,,,,,
1162,,,,,,
1254,,,,,,
547,,,,,,
584,,,,,,
1225,,,,,,
969,,,,,,
1001,,,,,,
986,,,,,,
735,,,,,,
1079,,,,,,
662,,,,,,
1118,,,,,,
921,,,,,,
990,,,,,,
1023,,,,,,
593,,,,,,
1327,,,,,,
833,,,,,,
1167,,,,,,
694,,,,,,
999,,,,,,
697,,,,,,
891,,,,,,
964,,,,,,
795,,,,,,
1048,,,,,,
915,,,,,,
756,,,,,,
788,,,,,,
643,,,,,,
1138,,,,,,
923,,,,,,
607,,,,,,
859,,,,,,
872,,,,,,
573,,,,,,
1247,,,,,,
850,,,,,,
814,,,,,,
1027,,,,,,
377,,,,,,
1107,,,,,,
853,,,,,,
1259,,,,,,
1065,,,,,,
901,,,,,,
1015,,,,,,
1091,,,,,,
980,,,,,,
873,,,,,,
1084,,,,,,
1070,,,,,,
942,,,,,,
820,,,,,,
636,,,,,,
1170,,,,,,
1369,,,,,,
1093,,,,,,
624,,,,,,
1178,,,,,,
861,,,,,,
886,,,,,,
730,,,,,,
522,,,,,,
1044,,,,,,
1083,,,,,,
744,,,,,,
755,,,,,,
824,,,,,,
910,,,,,,
962,,,,,,
831,,,,,,
530,,,,,,
997,,,,,,
879,,,,,,
747,,,,,,
924,,,,,,
437,,,,,,
1326,,,,,,
1124,,,,,,
634,,,,,,
940,,,,,,
1345,,,,,,
984,,,,,,
852,,,,,,
627,,,,,,
914,,,,,,
1213,,,,,,
1063,,,,,,
1192,,,,,,
856,,,,,,
706,,,,,,
1300,,,,,,
657,,,,,,
701,,,,,,
778,,,,,,
1343,,,,,,
1364,,,,,,
613,,,,,,
549,,,,,,
784,,,,,,
628,,,,,,
973,,,,,,
1421,,,,,,
905,,,,,,
897,,,,,,
1135,,,,,,
664,,,,,,
1280,,,,,,
1018,,,,,,
586,,,,,,
520,,,,,,
747,,,,,,
1377,,,,,,
319,,,,,,
1174,,,,,,
735,,,,,,
1057,,,,,,
1006,,,,,,
896,,,,,,
804,,,,,,
1105,,,,,,
451,,,,,,
439,,,,,,
676,,,,,,
1074,,,,,,
513,,,,,,
852,,,,,,
1047,,,,,,
465,,,,,,
699,,,,,,
1095,,,,,,
1327,,,,,,
1206,,,,,,
413,,,,,,
860,,,,,,
794,,,,,,
755,,,,,,
770,,,,,,
662,,,,,,
1192,,,,,,
1263,,,,,,
779,,,,,,
656,,,,,,
1726,,,,,,
746,,,,,,
1070,,,,,,
541,,,,,,
1289,,,,,,
1021,,,,,,
815,,,,,,
550,,,,,,
844,,,,,,
1041,,,,,,
1240,,,,,,
912,,,,,,
786,,,,,,
886,,,,,,
1195,,,,,,
917,,,,,,
915,,,,,,
731,,,,,,
618,,,,,,
1047,,,,,,
865,,,,,,
998,,,,,,
1187,,,,,,
770,,,,,,
776,,,,,,
891,,,,,,
758,,,,,,
948,,,,,,
1103,,,,,,
589,,,,,,
888,,,,,,
824,,,,,,
1571,,,,,,
814,,,,,,
901,,,,,,
717,,,,,,
836,,,,,,
1186,,,,,,
1019,,,,,,
1483,,,,,,
1202,,,,,,
399,,,,,,
906,,,,,,
630,,,,,,
1338,,,,,,
915,,,,,,
957,,,,,,
999,,,,,,
1079,,,,,,
1298,,,,,,
1305,,,,,,
1178,,,,,,
642,,,,,,
788,,,,,,
506,,,,,,
879,,,,,,
1239,,,,,,
889,,,,,,
1184,,,,,,
1020,,,,,,
931,,,,,,
1489,,,,,,
1055,,,,,,
223,,,,,,
727,,,,,,
1075,,,,,,
877,,,,,,
595,,,,,,
852,,,,,,
1124,,,,,,
594,,,,,,
1058,,,,,,
699,,,,,,
934,,,,,,
1470,,,,,,
790,,,,,,
1151,,,,,,
947,,,,,,
1015,,,,,,
905,,,,,,
1018,,,,,,
1020,,,,,,
936,,,,,,
234,,,,,,
1187,,,,,,
735,,,,,,
878,,,,,,
484,,,,,,
874,,,,,,
1278,,,,,,
650,,,,,,
1403,,,,,,
1192,,,,,,
799,,,,,,
1289,,,,,,
1004,,,,,,
817,,,,,,
766,,,,,,
967,,,,,,
1259,,,,,,
633,,,,,,
877,,,,,,
1548,,,,,,
1188,,,,,,
1313,,,,,,
929,,,,,,
1191,,,,,,
799,,,,,,
852,,,,,,
903,,,,,,
1050,,,,,,
402,,,,,,
753,,,,,,
1465,,,,,,
813,,,,,,
649,,,,,,
1113,,,,,,
1126,,,,,,
512,,,,,,
957,,,,,,
1084,,,,,,
838,,,,,,
879,,,,,,
820,,,,,,
1005,,,,,,
1212,,,,,,
1306,,,,,,
780,,,,,,
928,,,,,,
1075,,,,,,
813,,,,,,
975,,,,,,
923,,,,,,
1073,,,,,,
1131,,,,,,
507,,,,,,
620,,,,,,
868,,,,,,
1013,,,,,,
789,,,,,,
453,,,,,,
771,,,,,,
710,,,,,,
1255,,,,,,
1032,,,,,,
938,,,,,,
1039,,,,,,
769,,,,,,
738,,,,,,
500,,,,,,
670,,,,,,
803,,,,,,
791,,,,,,
1285,,,,,,
632,,,,,,
1037,,,,,,
1066,,,,,,
1068,,,,,,
1001,,,,,,
1241,,,,,,
756,,,,,,
1153,,,,,,
1066,,,,,,
506,,,,,,
1234,,,,,,
1180,,,,,,
1200,,,,,,
1382,,,,,,
498,,,,,,
757,,,,,,
682,,,,,,
855,,,,,,
1138,,,,,,
665,,,,,,
636,,,,,,
537,,,,,,
992,,,,,,
856,,,,,,
673,,,,,,
809,,,,,,
965,,,,,,
525,,,,,,
736,,,,,,
910,,,,,,
644,,,,,,
909,,,,,,
1037,,,,,,
1016,,,,,,
1445,,,,,,
994,,,,,,
873,,,,,,
972,,,,,,
1281,,,,,,
549,,,,,,
802,,,,,,
722,,,,,,
1185,,,,,,
698,,,,,,
811,,,,,,
951,,,,,,
863,,,,,,
1077,,,,,,
464,,,,,,
1113,,,,,,
849,,,,,,
953,,,,,,
865,,,,,,
1078,,,,,,
651,,,,,,
1106,,,,,,
577,,,,,,
1524,,,,,,
621,,,,,,
1439,,,,,,
981,,,,,,
1311,,,,,,
1032,,,,,,
1039,,,,,,
1146,,,,,,
954,,,,,,
1066,,,,,,
864,,,,,,
748,,,,,,
942,,,,,,
999,,,,,,
1085,,,,,,
547,,,,,,
1221,,,,,,
1027,,,,,,
750,,,,,,
936,,,,,,
780,,,,,,
1021,,,,,,
1118,,,,,,
1188,,,,,,
887,,,,,,
1148,,,,,,
1168,,,,,,
595,,,,,,
973,,,,,,
917,,,,,,
1019,,,,,,
525,,,,,,
1054,,,,,,
1029,,,,,,
926,,,,,,
763,,,,,,
630,,,,,,
821,,,,,,
1153,,,,,,
845,,,,,,
924,,,,,,
852,,,,,,
696,,,,,,
953,,,,,,
839,,,,,,
913,,,,,,
1360,,,,,,
812,,,,,,
630,,,,,,
487,,,,,,
572,,,,,,
715,,,,,,
1125,,,,,,
731,,,,,,
882,,,,,,
713,,,,,,
1366,,,,,,
968,,,,,,
836,,,,,,
833,,,,,,
698,,,,,,
581,,,,,,
1026,,,,,,
529,,,,,,
603,,,,,,
515,,,,,,
1095,,,,,,
742,,,,,,
962,,,,,,
1085,,,,,,
806,,,,,,
898,,,,,,
1194,,,,,,
917,,,,,,
872,,,,,,
1209,,,,,,
944,,,,,,
620,,,,,,
1193,,,,,,
456,,,,,,
806,,,,,,
1336,,,,,,
1159,,,,,,
867,,,,,,
1222,,,,,,
668,,,,,,
1154,,,,,,
1349,,,,,,
928,,,,,,
870,,,,,,
1216,,,,,,
1511,,,,,,
881,,,,,,
1189,,,,,,
1100,,,,,,
974,,,,,,
1142,,,,,,
1140,,,,,,
1061,,,,,,
659,,,,,,
1065,,,,,,
1139,,,,,,
787,,,,,,
1053,,,,,,
573,,,,,,
892,,,,,,
730,,,,,,
426,,,,,,
816,,,,,,
738,,,,,,
990,,,,,,
691,,,,,,
730,,,,,,
868,,,,,,
1084,,,,,,
1121,,,,,,
1010,,,,,,
940,,,,,,
503,,,,,,
1173,,,,,,
1267,,,,,,
1374,,,,,,
676,,,,,,
783,,,,,,
859,,,,,,
796,,,,,,
842,,,,,,
646,,,,,,
1132,,,,,,
610,,,,,,
837,,,,,,
1096,,,,,,
971,,,,,,
1107,,,,,,
781,,,,,,
278,,,,,,
1090,,,,,,
1016,,,,,,
1555,,,,,,
690,,,,,,
847,,,,,,
866,,,,,,
1171,,,,,,
1040,,,,,,
806,,,,,,
1602,,,,,,
1393,,,,,,
1560,,,,,,
964,,,,,,
1104,,,,,,
626,,,,,,
714,,,,,,
741,,,,,,
808,,,,,,
1012,,,,,,
1145,,,,,,
994,,,,,,
822,,,,,,
1076,,,,,,
675,,,,,,
1425,,,,,,
1115,,,,,,
607,,,,,,
1052,,,,,,
623,,,,,,
1072,,,,,,
571,,,,,,
1031,,,,,,
1075,,,,,,
838,,,,,,
1124,,,,,,
1078,,,,,,
775,,,,,,
792,,,,,,
892,,,,,,
1247,,,,,,
1085,,,,,,
831,,,,,,
571,,,,,,
715,,,,,,
862,,,,,,
956,,,,,,
877,,,,,,
619,,,,,,
1108,,,,,,
549,,,,,,
816,,,,,,
570,,,,,,
1087,,,,,,
926,,,,,,
914,,,,,,
697,,,,,,
443,,,,,,
1023,,,,,,
1338,,,,,,
891,,,,,,
896,,,,,,
1034,,,,,,
696,,,,,,
944,,,,,,
1027,,,,,,
1105,,,,,,
1183,,,,,,
608,,,,,,
1226,,,,,,
1232,,,,,,
927,,,,,,
1212,,,,,,
770,,,,,,
670,,,,,,
1110,,,,,,
838,,,,,,
1034,,,,,,
993,,,,,,
579,,,,,,
1051,,,,,,
1226,,,,,,
771,,,,,,
1206,,,,,,
727,,,,,,
927,,,,,,
1209,,,,,,
768,,,,,,
873,,,,,,
1201,,,,,,
803,,,,,,
916,,,,,,
961,,,,,,
800,,,,,,
1272,,,,,,
866,,,,,,
302,,,,,,
1000,,,,,,
997,,,,,,
964,,,,,,
1025,,,,,,
678,,,,,,
1068,,,,,,
670,,,,,,
1155,,,,,,
1121,,,,,,
955,,,,,,
1014,,,,,,
1253,,,,,,
851,,,,,,
959,,,,,,
728,,,,,,
807,,,,,,
530,,,,,,
754,,,,,,
1559,,,,,,
703,,,,,,
699,,,,,,
664,,,,,,
1212,,,,,,
920,,,,,,
858,,,,,,
856,,,,,,
897,,,,,,
592,,,,,,
792,,,,,,
794,,,,,,
932,,,,,,
1072,,,,,,
658,,,,,,
824,,,,,,
903,,,,,,
933,,,,,,
964,,,,,,
1204,,,,,,
732,,,,,,
648,,,,,,
1282,,,,,,
657,,,,,,
904,,,,,,
335,,,,,,
1003,,,,,,
673,,,,,,
1068,,,,,,
672,,,,,,
1123,,,,,,
976,,,,,,
580,,,,,,
660,,,,,,
931,,,,,,
1110,,,,,,
636,,,,,,
731,,,,,,
685,,,,,,
671,,,,,,
375,,,,,,
1312,,,,,,
409,,,,,,
860,,,,,,
1083,,,,,,
1110,,,,,,
551,,,,,,
1154,,,,,,
660,,,,,,
957,,,,,,
1158,,,,,,
998,,,,,,
796,,,,,,
701,,,,,,
655,,,,,,
696,,,,,,
1030,,,,,,
826,,,,,,
793,,,,,,
560,,,,,,
924,,,,,,
1382,,,,,,
1025,,,,,,
931,,,,,,
453,,,,,,
1166,,,,,,
992,,,,,,
955,,,,,,
709,,,,,,
459,,,,,,
694,,,,,,
872,,,,,,
1118,,,,,,
991,,,,,,
863,,,,,,
1366,,,,,,
1162,,,,,,
799,,,,,,
740,,,,,,
1281,,,,,,
973,,,,,,
1526,,,,,,
1333,,,,,,
1170,,,,,,
932,,,,,,
1296,,,,,,
862,,,,,,
1087,,,,,,
842,,,,,,
573,,,,,,
1094,,,,,,
1283,,,,,,
1550,,,,,,
1058,,,,,,
1153,,,,,,
705,,,,,,
741,,,,,,
1060,,,,,,
665,,,,,,
1062,,,,,,
913,,,,,,
1028,,,,,,
772,,,,,,
996,,,,,,
967,,,,,,
1039,,,,,,
392,,,,,,
1073,,,,,,
998,,,,,,
1112,,,,,,
865,,,,,,
1016,,,,,,
990,,,,,,
1148,,,,,,
950,,,,,,
1005,,,,,,
678,,,,,,
974,,,,,,
962,,,,,,
968,,,,,,
696,,,,,,
1466,,,,,,
1135,,,,,,
895,,,,,,
716,,,,,,
1388,,,,,,
684,,,,,,
854,,,,,,
461,,,,,,
827,,,,,,
1362,,,,,,
914,,,,,,
1161,,,,,,
800,,,,,,
1012,,,,,,
502,,,,,,
949,,,,,,
906,,,,,,
1040,,,,,,
1318,,,,,,
777,,,,,,
743,,,,,,
520,,,,,,
1004,,,,,,
955,,,,,,
1051,,,,,,
800,,,,,,
1167,,,,,,
715,,,,,,
57,,,,,,
1247,,,,,,
1006,,,,,,
1174,,,,,,
751,,,,,,
1184,,,,,,
976,,,,,,
975,,,,,,
1034,,,,,,
1163,,,,,,
908,,,,,,
832,,,,,,
902,,,,,,
1304,,,,,,
706,,,,,,
505,,,,,,
1095,,,,,,
740,,,,,,
1006,,,,,,
759,,,,,,
879,,,,,,
1764,,,,,,
1125,,,,,,
1202,,,,,,
782,,,,,,
796,,,,,,
914,,,,,,
1002,,,,,,
908,,,,,,
962,,,,,,
591,,,,,,
1194,,,,,,
429,,,,,,
694,,,,,,
849,,,,,,
874,,,,,,
1039,,,,,,
833,,,,,,
1285,,,,,,
817,,,,,,
879,,,,,,
712,,,,,,
796,,,,,,
1012,,,,,,
463,,,,,,
945,,,,,,
1019,,,,,,
1121,,,,,,
937,,,,,,
559,,,,,,
1384,,,,,,
888,,,,,,
703,,,,,,
991,,,,,,
697,,,,,,
1231,,,,,,
1029,,,,,,
848,,,,,,
601,,,,,,
793,,,,,,
649,,,,,,
621,,,,,,
999,,,,,,
945,,,,,,
979,,,,,,
823,,,,,,
1151,,,,,,
795,,,,,,
445,,,,,,
962,,,,,,
967,,,,,,
1005,,,,,,
1419,,,,,,
1032,,,,,,
987,,,,,,
947,,,,,,
704,,,,,,
852,,,,,,
858,,,,,,
550,,,,,,
923,,,,,,
811,,,,,,
974,,,,,,
955,,,,,,
998,,,,,,
866,,,,,,
1022,,,,,,
952,,,,,,
844,,,,,,
631,,,,,,
895,,,,,,
1358,,,,,,
1435,,,,,,
346,,,,,,
1267,,,,,,
1234,,,,,,
1036,,,,,,
615,,,,,,
711,,,,,,
797,,,,,,
838,,,,,,
995,,,,,,
706,,,,,,
722,,,,,,
858,,,,,,
1389,,,,,,
1080,,,,,,
718,,,,,,
1259,,,,,,
896,,,,,,
661,,,,,,
1041,,,,,,
835,,,,,,
1172,,,,,,
993,,,,,,
392,,,,,,
1094,,,,,,
468,,,,,,
900,,,,,,
1423,,,,,,
952,,,,,,
816,,,,,,
1089,,,,,,
1032,,,,,,
1077,,,,,,
866,,,,,,
1015,,,,,,
1351,,,,,,
618,,,,,,
849,,,,,,
1391,,,,,,
1310,,,,,,
1458,,,,,,
754,,,,,,
865,,,,,,
1129,,,,,,
1167,,,,,,
964,,,,,,
852,,,,,,
905,,,,,,
257,,,,,,
704,,,,,,
903,,,,,,
940,,,,,,
841,,,,,,
792,,,,,,
1297,,,,,,
737,,,,,,
1021,,,,,,
1087,,,,,,
814,,,,,,
586,,,,,,
616,,,,,,
1290,,,,,,
897,,,,,,
1267,,,,,,
1401,,,,,,
1222,,,,,,
973,,,,,,
1312,,,,,,
979,,,,,,
1403,,,,,,
561,,,,,,
1272,,,,,,
988,,,,,,
596,,,,,,
867,,,,,,
914,,,,,,
690,,,,,,
1278,,,,,,
1460,,,,,,
1039,,,,,,
863,,,,,,
1156,,,,,,
1063,,,,,,
759,,,,,,
813,,,,,,
963,,,,,,
1007,,,,,,
674,,,,,,
1157,,,,,,
1125,,,,,,
932,,,,,,
721,,,,,,
688,,,,,,
1007,,,,,,
731,,,,,,
1036,,,,,,
888,,,,,,
1022,,,,,,
1058,,,,,,
403,,,,,,
1329,,,,,,
1013,,,,,,
952,,,,,,
625,,,,,,
605,,,,,,
543,,,,,,
1061,,,,,,
1023,,,,,,
1168,,,,,,
776,,,,,,
675,,,,,,
551,,,,,,
946,,,,,,
1307,,,,,,
767,,,,,,
1023,,,,,,
889,,,,,,
775,,,,,,
574,,,,,,
1219,,,,,,
876,,,,,,
1037,,,,,,
820,,,,,,
943,,,,,,
751,,,,,,
918,,,,,,
969,,,,,,
821,,,,,,
911,,,,,,
252,,,,,,
523,,,,,,
1016,,,,,,
1044,,,,,,
1157,,,,,,
585,,,,,,
1161,,,,,,
720,,,,,,
1020,,,,,,
565,,,,,,
894,,,,,,
994,,,,,,
941,,,,,,
1014,,,,,,
1085,,,,,,
1159,,,,,,
573,,,,,,
798,,,,,,
798,,,,,,
571,,,,,,
1135,,,,,,
1026,,,,,,
777,,,,,,
1204,,,,,,
915,,,,,,
858,,,,,,
698,,,,,,
875,,,,,,
612,,,,,,
1135,,,,,,
1074,,,,,,
923,,,,,,
773,,,,,,
441,,,,,,
613,,,,,,
753,,,,,,
994,,,,,,
1039,,,,,,
706,,,,,,
753,,,,,,
1137,,,,,,
1068,,,,,,
1312,,,,,,
1324,,,,,,
525,,,,,,
517,,,,,,
1084,,,,,,
744,,,,,,
1090,,,,,,
1029,,,,,,
1345,,,,,,
431,,,,,,
539,,,,,,
740,,,,,,
620,,,,,,
1229,,,,,,
1380,,,,,,
271,,,,,,
543,,,,,,
769,,,,,,
628,,,,,,
1234,,,,,,
520,,,,,,
662,,,,,,
851,,,,,,
1016,,,,,,
847,,,,,,
790,,,,,,
1009,,,,,,
1004,,,,,,
963,,,,,,
622,,,,,,
890,,,,,,
976,,,,,,
1028,,,,,,
857,,,,,,
990,,,,,,
972,,,,,,
1005,,,,,,
923,,,,,,
753,,,,,,
1001,,,,,,
623,,,,,,
1193,,,,,,
698,,,,,,
772,,,,,,
791,,,,,,
1040,,,,,,
778,,,,,,
782,,,,,,
652,,,,,,
1165,,,,,,
960,,,,,,
945,,,,,,
884,,,,,,
1022,,,,,,
320,,,,,,
844,,,,,,
718,,,,,,
1077,,,,,,
1230,,,,,,
754,,,,,,
1143,,,,,,
948,,,,,,
571,,,,,,
730,,,,,,
1203,,,,,,
939,,,,,,
1072,,,,,,
747,,,,,,
440,,,,,,
882,,,,,,
960,,,,,,
1394,,,,,,
1083,,,,,,
1120,,,,,,
929,,,,,,
585,,,,,,
831,,,,,,
913,,,,,,
778,,,,,,
1655,,,,,,
785,,,,,,
1036,,,,,,
949,,,,,,
1020,,,,,,
974,,,,,,
522,,,,,,
805,,,,,,
1116,,,,,,
858,,,,,,
913,,,,,,
850,,,,,,
1001,,,,,,
1112,,,,,,
859,,,,,,
302,,,,,,
441,,,,,,
1132,,,,,,
929,,,,,,
752,,,,,,
836,,,,,,
1184,,,,,,
319,,,,,,
1212,,,,,,
1029,,,,,,
757,,,,,,
1095,,,,,,
1166,,,,,,
893,,,,,,
763,,,,,,
781,,,,,,
1309,,,,,,
584,,,,,,
920,,,,,,
433,,,,,,
826,,,,,,
1169,,,,,,
924,,,,,,
408,,,,,,
636,,,,,,
724,,,,,,
1068,,,,,,
1065,,,,,,
1188,,,,,,
1273,,,,,,
1131,,,,,,
956,,,,,,
971,,,,,,
973,,,,,,
975,,,,,,
820,,,,,,
576,,,,,,
857,,,,,,
1228,,,,,,
651,,,,,,
799,,,,,,
972,,,,,,
820,,,,,,
899,,,,,,
776,,,,,,
962,,,,,,
978,,,,,,
457,,,,,,
998,,,,,,
1020,,,,,,
786,,,,,,
692,,,,,,
954,,,,,,
504,,,,,,
1221,,,,,,
890,,,,,,
1282,,,,,,
1139,,,,,,
1255,,,,,,
870,,,,,,
660,,,,,,
738,,,,,,
1049,,,,,,
311,,,,,,
673,,,,,,
1308,,,,,,
855,,,,,,
802,,,,,,
1096,,,,,,
864,,,,,,
873,,,,,,
900,,,,,,
802,,,,,,
1116,,,,,,
1431,,,,,,
1221,,,,,,
990,,,,,,
672,,,,,,
1566,,,,,,
745,,,,,,
701,,,,,,
824,,,,,,
1245,,,,,,
603,,,,,,
1243,,,,,,
941,,,,,,
1054,,,,,,
830,,,,,,
870,,,,,,
1125,,,,,,
1037,,,,,,
348,,,,,,
750,,,,,,
676,,,,,,
999,,,,,,
469,,,,,,
682,,,,,,
495,,,,,,
1130,,,,,,
787,,,,,,
452,,,,,,
886,,,,,,
898,,,,,,
1202,,,,,,
719,,,,,,
867,,,,,,
618,,,,,,
752,,,,,,
1040,,,,,,
764,,,,,,
1086,,,,,,
780,,,,,,
762,,,,,,
863,,,,,,
1106,,,,,,
671,,,,,,
701,,,,,,
763,,,,,,
494,,,,,,
1231,,,,,,
888,,,,,,
1303,,,,,,
927,,,,,,
1265,,,,,,
1214,,,,,,
1132,,,,,,
844,,,,,,
955,,,,,,
1356,,,,,,
711,,,,,,
1102,,,,,,
634,,,,,,
1081,,,,,,
1019,,,,,,
1098,,,,,,
856,,,,,,
841,,,,,,
711,,,,,,
667,,,,,,
884,,,,,,
1084,,,,,,
1389,,,,,,
967,,,,,,
1008,,,,,,
1336,,,,,,
993,,,,,,
832,,,,,,
1410,,,,,,
778,,,,,,
808,,,,,,
352,,,,,,
1167,,,,,,
851,,,,,,
1058,,,,,,
676,,,,,,
999,,,,,,
1398,,,,,,
775,,,,,,
1223,,,,,,
527,,,,,,
903,,,,,,
977,,,,,,
496,,,,,,
1074,,,,,,
690,,,,,,
882,,,,,,
1423,,,,,,
1083,,,,,,
769,,,,,,
1001,,,,,,
1138,,,,,,
1243,,,,,,
582,,,,,,
738,,,,,,
1397,,,,,,
839,,,,,,
766,,,,,,
734,,,,,,
1245,,,,,,
1322,,,,,,
1238,,,,,,
1033,,,,,,
665,,,,,,
794,,,,,,
719,,,,,,
832,,,,,,
798,,,,,,
1008,,,,,,
488,,,,,,
597,,,,,,
743,,,,,,
308,,,,,,
665,,,,,,
607,,,,,,
943,,,,,,
578,,,,,,
1012,,,,,,
946,,,,,,
594,,,,,,
688,,,,,,
962,,,,,,
789,,,,,,
431,,,,,,
461,,,,,,
961,,,,,,
586,,,,,,
1139,,,,,,
1793,,,,,,
782,,,,,,
704,,,,,,
707,,,,,,
476,,,,,,
1090,,,,,,
1042,,,,,,
1135,,,,,,
1105,,,,,,
780,,,,,,
1095,,,,,,
620,,,,,,
1246,,,,,,
755,,,,,,
1323,,,,,,
1197,,,,,,
382,,,,,,
904,,,,,,
536,,,,,,
1046,,,,,,
263,,,,,,
882,,,,,,
1186,,,,,,
620,,,,,,
560,,,,,,
1293,,,,,,
470,,,,,,
1170,,,,,,
922,,,,,,
631,,,,,,
776,,,,,,
847,,,,,,
808,,,,,,
891,,,,,,
879,,,,,,
1385,,,,,,
1292,,,,,,
940,,,,,,
887,,,,,,
818,,,,,,
908,,,,,,
979,,,,,,
753,,,,,,
708,,,,,,
824,,,,,,
1044,,,,,,
156,,,,,,
741,,,,,,
786,,,,,,
762,,,,,,
853,,,,,,
791,,,,,,
620,,,,,,
1010,,,,,,
1427,,,,,,
1328,,,,,,
654,,,,,,
1144,,,,,,
922,,,,,,
1069,,,,,,
887,,,,,,
798,,,,,,
668,,,,,,
710,,,,,,
951,,,,,,
556,,,,,,
875,,,,,,
818,,,,,,
899,,,,,,
850,,,,,,
1011,,,,,,
1124,,,,,,
1145,,,,,,
1141,,,,,,
1349,,,,,,
475,,,,,,
984,,,,,,
1036,,,,,,
878,,,,,,
1040,,,,,,
888,,,,,,
993,,,,,,
958,,,,,,
1124,,,,,,
826,,,,,,
1060,,,,,,
677,,,,,,
615,,,,,,
1012,,,,,,
1117,,,,,,
705,,,,,,
1138,,,,,,
1316,,,,,,
772,,,,,,
1088,,,,,,
941,,,,,,
857,,,,,,
922,,,,,,
1283,,,,,,
1225,,,,,,
843,,,,,,
707,,,,,,
881,,,,,,
694,,,,,,
1252,,,,,,
633,,,,,,
802,,,,,,
626,,,,,,
1259,,,,,,
826,,,,,,
1300,,,,,,
1088,,,,,,
562,,,,,,
751,,,,,,
725,,,,,,
705,,,,,,
711,,,,,,
866,,,,,,
1352,,,,,,
950,,,,,,
659,,,,,,
1074,,,,,,
978,,,,,,
711,,,,,,
998,,,,,,
1026,,,,,,
980,,,,,,
865,,,,,,
606,,,,,,
1044,,,,,,
429,,,,,,
908,,,,,,
1167,,,,,,
991,,,,,,
832,,,,,,
648,,,,,,
1089,,,,,,
889,,,,,,
1005,,,,,,
1279,,,,,,
1467,,,,,,
976,,,,,,
1385,,,,,,
662,,,,,,
744,,,,,,
1196,,,,,,
1178,,,,,,
1125,,,,,,
1277,,,,,,
1061,,,,,,
1334,,,,,,
1176,,,,,,
1144,,,,,,
1247,,,,,,
771,,,,,,
886,,,,,,
1185,,,,,,
834,,,,,,
806,,,,,,
552,,,,,,
1360,,,,,,
1278,,,,,,
471,,,,,,
830,,,,,,
871,,,,,,
1214,,,,,,
999,,,,,,
1159,,,,,,
776,,,,,,
945,,,,,,
1129,,,,,,
830,,,,,,
535,,,,,,
876,,,,,,
1044,,,,,,
907,,,,,,
741,,,,,,
905,,,,,,
1249,,,,,,
1044,,,,,,
883,,,,,,
801,,,,,,
562,,,,,,
1445,,,,,,
883,,,,,,
597,,,,,,
857,,,,,,
872,,,,,,
1138,,,,,,
887,,,,,,
984,,,,,,
931,,,,,,
722,,,,,,
830,,,,,,
1096,,,,,,
510,,,,,,
744,,,,,,
805,,,,,,
773,,,,,,
567,,,,,,
716,,,,,,
1097,,,,,,
609,,,,,,
1003,,,,,,
1112,,,,,,
1233,,,,,,
710,,,,,,
930,,,,,,
564,,,,,,
683,,,,,,
930,,,,,,
1026,,,,,,
1157,,,,,,
862,,,,,,
810,,,,,,
749,,,,,,
1213,,,,,,
908,,,,,,
926,,,,,,
641,,,,,,
978,,,,,,
1297,,,,,,
1102,,,,,,
917,,,,,,
761,,,,,,
760,,,,,,
589,,,,,,
1399,,,,,,
989,,,,,,
709,,,,,,
869,,,,,,
1243,,,,,,
1295,,,,,,
1136,,,,,,
772,,,,,,
636,,,,,,
840,,,,,,
1050,,,,,,
1068,,,,,,
1326,,,,,,
863,,,,,,
1027,,,,,,
1048,,,,,,
1006,,,,,,
715,,,,,,
1057,,,,,,
1100,,,,,,
1097,,,,,,
1145,,,,,,
776,,,,,,
1153,,,,,,
1063,,,,,,
1075,,,,,,
932,,,,,,
568,,,,,,
974,,,,,,
1379,,,,,,
867,,,,,,
827,,,,,,
642,,,,,,
888,,,,,,
1138,,,,,,
650,,,,,,
1042,,,,,,
940,,,,,,
1340,,,,,,
1053,,,,,,
900,,,,,,
707,,,,,,
1128,,,,,,
867,,,,,,
1074,,,,,,
1192,,,,,,
866,,,,,,
869,,,,,,
950,,,,,,
948,,,,,,
953,,,,,,
652,,,,,,
866,,,,,,
843,,,,,,
1131,,,,,,
797,,,,,,
1320,,,,,,
876,,,,,,
1193,,,,,,
666,,,,,,
1266,,,,,,
354,,,,,,
1082,,,,,,
972,,,,,,
525,,,,,,
520,,,,,,
1198,,,,,,
819,,,,,,
678,,,,,,
584,,,,,,
394,,,,,,
421,,,,,,
745,,,,,,
917,,,,,,
1088,,,,,,
1164,,,,,,
1047,,,,,,
1273,,,,,,
1335,,,,,,
639,,,,,,
709,,,,,,
1583,,,,,,
956,,,,,,
578,,,,,,
636,,,,,,
680,,,,,,
881,,,,,,
1175,,,,,,
1049,,,,,,
992,,,,,,
1115,,,,,,
742,,,,,,
977,,,,,,
1038,,,,,,
1157,,,,,,
812,,,,,,
960,,,,,,
1232,,,,,,
1152,,,,,,
829,,,,,,
1269,,,,,,
831,,,,,,
456,,,,,,
960,,,,,,
1025,,,,,,
939,,,,,,
1110,,,,,,
601,,,,,,
1141,,,,,,
1236,,,,,,
900,,,,,,
926,,,,,,
1145,,,,,,
511,,,,,,
1005,,,,,,
774,,,,,,
823,,,,,,
480,,,,,,
604,,,,,,
1019,,,,,,
1491,,,,,,
996,,,,,,
1127,,,,,,
574,,,,,,
904,,,,,,
852,,,,,,
1197,,,,,,
887,,,,,,
865,,,,,,
1290,,,,,,
796,,,,,,
636,,,,,,
1011,,,,,,
1167,,,,,,
810,,,,,,
1033,,,,,,
787,,,,,,
848,,,,,,
813,,,,,,
743,,,,,,
1104,,,,,,
1181,,,,,,
833,,,,,,
1310,,,,,,
820,,,,,,
800,,,,,,
827,,,,,,
1205,,,,,,
972,,,,,,
882,,,,,,
1379,,,,,,
977,,,,,,
1063,,,,,,
1638,,,,,,
1137,,,,,,
741,,,,,,
861,,,,,,
606,,,,,,
777,,,,,,
1111,,,,,,
920,,,,,,
1561,,,,,,
861,,,,,,
1165,,,,,,
948,,,,,,
974,,,,,,
821,,,,,,
879,,,,,,
910,,,,,,
537,,,,,,
954,,,,,,
934,,,,,,
864,,,,,,
1381,,,,,,
785,,,,,,
721,,,,,,
805,,,,,,
103,,,,,,
1110,,,,,,
912,,,,,,
987,,,,,,
1013,,,,,,
1154,,,,,,
698,,,,,,
1103,,,,,,
816,,,,,,
1055,,,,,,
830,,,,,,
974,,,,,,
744,,,,,,
1030,,,,,,
1220,,,,,,
1430,,,,,,
631,,,,,,
1304,,,,,,
1050,,,,,,
1150,,,,,,
933,,,,,,
489,,,,,,
584,,,,,,
498,,,,,,
854,,,,,,
1301,,,,,,
1020,,,,,,
815,,,,,,
753,,,,,,
693,,,,,,
1569,,,,,,
1053,,,,,,
1106,,,,,,
1108,,,,,,
744,,,,,,
894,,,,,,
704,,,,,,
1149,,,,,,
995,,,,,,
931,,,,,,
988,,,,,,
1081,,,,,,
1090,,,,,,
1088,,,,,,
933,,,,,,
1382,,,,,,
1086,,,,,,
867,,,,,,
726,,,,,,
1092,,,,,,
1351,,,,,,
705,,,,,,
716,,,,,,
477,,,,,,
702,,,,,,
858,,,,,,
1049,,,,,,
1023,,,,,,
1091,,,,,,
603,,,,,,
1226,,,,,,
793,,,,,,
989,,,,,,
775,,,,,,
828,,,,,,
923,,,,,,
1462,,,,,,
415,,,,,,
841,,,,,,
817,,,,,,
1055,,,,,,
872,,,,,,
859,,,,,,
1141,,,,,,
679,,,,,,
415,,,,,,
694,,,,,,
1072,,,,,,
756,,,,,,
841,,,,,,
895,,,,,,
609,,,,,,
1354,,,,,,
1211,,,,,,
1251,,,,,,
934,,,,,,
906,,,,,,
1456,,,,,,
894,,,,,,
1030,,,,,,
552,,,,,,
1000,,,,,,
860,,,,,,
908,,,,,,
877,,,,,,
816,,,,,,
1088,,,,,,
635,,,,,,
1558,,,,,,
696,,,,,,
954,,,,,,
828,,,,,,
1335,,,,,,
956,,,,,,
877,,,,,,
477,,,,,,
1160,,,,,,
896,,,,,,
999,,,,,,
1227,,,,,,
765,,,,,,
1109,,,,,,
955,,,,,,
392,,,,,,
713,,,,,,
739,,,,,,
784,,,,,,
556,,,,,,
1015,,,,,,
1097,,,,,,
978,,,,,,
556,,,,,,
785,,,,,,
985,,,,,,
1083,,,,,,
485,,,,,,
1075,,,,,,
1033,,,,,,
775,,,,,,
882,,,,,,
974,,,,,,
507,,,,,,
970,,,,,,
704,,,,,,
1031,,,,,,
1412,,,,,,
1137,,,,,,
1298,,,,,,
1190,,,,,,
883,,,,,,
1079,,,,,,
764,,,,,,
887,,,,,,
830,,,,,,
787,,,,,,
1054,,,,,,
870,,,,,,
831,,,,,,
490,,,,,,
903,,,,,,
503,,,,,,
1287,,,,,,
961,,,,,,
1021,,,,,,
873,,,,,,
916,,,,,,
1094,,,,,,
268,,,,,,
752,,,,,,
950,,,,,,
903,,,,,,
1005,,,,,,
907,,,,,,
1024,,,,,,
730,,,,,,
1094,,,,,,
690,,,,,,
890,,,,,,
1114,,,,,,
1028,,,,,,
1018,,,,,,
1054,,,,,,
696,,,,,,
1114,,,,,,
1143,,,,,,
993,,,,,,
934,,,,,,
684,,,,,,
415,,,,,,
1141,,,,,,
852,,,,,,
1466,,,,,,
975,,,,,,
1127,,,,,,
704,,,,,,
875,,,,,,
433,,,,,,
1268,,,,,,
356,,,,,,
828,,,,,,
1035,,,,,,
1381,,,,,,
819,,,,,,
649,,,,,,
1291,,,,,,
1111,,,,,,
836,,,,,,
776,,,,,,
911,,,,,,
1343,,,,,,
1153,,,,,,
1186,,,,,,
1350,,,,,,
948,,,,,,
964,,,,,,
1205,,,,,,
800,,,,,,
970,,,,,,
954,,,,,,
783,,,,,,
975,,,,,,
831,,,,,,
497,,,,,,
966,,,,,,
1020,,,,,,
409,,,,,,
979,,,,,,
1075,,,,,,
909,,,,,,
180,,,,,,
1425,,,,,,
690,,,,,,
567,,,,,,
1278,,,,,,
1050,,,,,,
463,,,,,,
1017,,,,,,
804,,,,,,
935,,,,,,
1061,,,,,,
766,,,,,,
851,,,,,,
901,,,,,,
941,,,,,,
755,,,,,,
617,,,,,,
348,,,,,,
1226,,,,,,
694,,,,,,
1011,,,,,,
646,,,,,,
1416,,,,,,
701,,,,,,
646,,,,,,
962,,,,,,
1090,,,,,,
461,,,,,,
1011,,,,,,
836,,,,,,
1263,,,,,,
949,,,,,,
757,,,,,,
982,,,,,,
950,,,,,,
1176,,,,,,
1121,,,,,,
1077,,,,,,
759,,,,,,
876,,,,,,
813,,,,,,
687,,,,,,
884,,,,,,
906,,,,,,
1135,,,,,,
676,,,,,,
977,,,,,,
837,,,,,,
979,,,,,,
990,,,,,,
911,,,,,,
787,,,,,,
1115,,,,,,
1391,,,,,,
1335,,,,,,
692,,,,,,
1271,,,,,,
1225,,,,,,
548,,,,,,
1111,,,,,,
842,,,,,,
762,,,,,,
696,,,,,,
1001,,,,,,
492,,,,,,
793,,,,,,
1101,,,,,,
1039,,,,,,
926,,,,,,
598,,,,,,
739,,,,,,
731,,,,,,
1037,,,,,,
1103,,,,,,
497,,,,,,
950,,,,,,
984,,,,,,
1180,,,,,,
655,,,,,,
835,,,,,,
560,,,,,,
990,,,,,,
1239,,,,,,
1393,,,,,,
705,,,,,,
1250,,,,,,
982,,,,,,
1103,,,,,,
442,,,,,,
1139,,,,,,
1028,,,,,,
1241,,,,,,
714,,,,,,
846,,,,,,
647,,,,,,
827,,,,,,
858,,,,,,
1011,,,,,,
1054,,,,,,
432,,,,,,
751,,,,,,
876,,,,,,
803,,,,,,
578,,,,,,
1119,,,,,,
452,,,,,,
568,,,,,,
916,,,,,,
545,,,,,,
772,,,,,,
911,,,,,,
929,,,,,,
1371,,,,,,
917,,,,,,
1254,,,,,,
804,,,,,,
1218,,,,,,
879,,,,,,
1099,,,,,,
952,,,,,,
1500,,,,,,
463,,,,,,
1175,,,,,,
1263,,,,,,
925,,,,,,
910,,,,,,
551,,,,,,
913,,,,,,
906,,,,,,
706,,,,,,
571,,,,,,
887,,,,,,
261,,,,,,
818,,,,,,
818,,,,,,
951,,,,,,
927,,,,,,
1132,,,,,,
903,,,,,,
718,,,,,,
997,,,,,,
1207,,,,,,
608,,,,,,
1335,,,,,,
635,,,,,,
1039,,,,,,
1348,,,,,,
1504,,,,,,
554,,,,,,
989,,,,,,
991,,,,,,
1094,,,,,,
954,,,,,,
1001,,,,,,
974,,,,,,
570,,,,,,
618,,,,,,
957,,,,,,
1190,,,,,,
1001,,,,,,
589,,,,,,
729,,,,,,
769,,,,,,
442,,,,,,
1120,,,,,,
1150,,,,,,
838,,,,,,
901,,,,,,
1207,,,,,,
760,,,,,,
626,,,,,,
1155,,,,,,
803,,,,,,
1056,,,,,,
1143,,,,,,
527,,,,,,
1085,,,,,,
1000,,,,,,
835,,,,,,
1387,,,,,,
815,,,,,,
1206,,,,,,
967,,,,,,
312,,,,,,
943,,,,,,
880,,,,,,
551,,,,,,
674,,,,,,
575,,,,,,
993,,,,,,
766,,,,,,
1119,,,,,,
842,,,,,,
1091,,,,,,
881,,,,,,
884,,,,,,
734,,,,,,
732,,,,,,
1188,,,,,,
1126,,,,,,
1124,,,,,,
1068,,,,,,
632,,,,,,
497,,,,,,
1216,,,,,,
1085,,,,,,
831,,,,,,
671,,,,,,
1005,,,,,,
904,,,,,,
1287,,,,,,
1259,,,,,,
1118,,,,,,
783,,,,,,
1099,,,,,,
1252,,,,,,
910,,,,,,
780,,,,,,
1021,,,,,,
1186,,,,,,
875,,,,,,
829,,,,,,
1276,,,,,,
1226,,,,,,
1004,,,,,,
1513,,,,,,
784,,,,,,
1274,,,,,,
847,,,,,,
898,,,,,,
823,,,,,,
1009,,,,,,
755,,,,,,
742,,,,,,
1035,,,,,,
1247,,,,,,
1307,,,,,,
825,,,,,,
812,,,,,,
1273,,,,,,
876,,,,,,
796,,,,,,
568,,,,,,
1021,,,,,,
1022,,,,,,
631,,,,,,
881,,,,,,
1391,,,,,,
707,,,,,,
1061,,,,,,
666,,,,,,
1056,,,,,,
525,,,,,,
850,,,,,,
690,,,,,,
599,,,,,,
639,,,,,,
1184,,,,,,
1408,,,,,,
1159,,,,,,
1156,,,,,,
1137,,,,,,
1035,,,,,,
1042,,,,,,
862,,,,,,
801,,,,,,
1692,,,,,,
899,,,,,,
1365,,,,,,
1193,,,,,,
1059,,,,,,
649,,,,,,
925,,,,,,
991,,,,,,
872,,,,,,
578,,,,,,
784,,,,,,
1052,,,,,,
1088,,,,,,
1205,,,,,,
847,,,,,,
1242,,,,,,
898,,,,,,
762,,,,,,
1303,,,,,,
798,,,,,,
1087,,,,,,
1255,,,,,,
988,,,,,,
401,,,,,,
940,,,,,,
822,,,,,,
885,,,,,,
962,,,,,,
815,,,,,,
647,,,,,,
797,,,,,,
1134,,,,,,
1439,,,,,,
1060,,,,,,
1202,,,,,,
997,,,,,,
849,,,,,,
740,,,,,,
660,,,,,,
889,,,,,,
826,,,,,,
1069,,,,,,
899,,,,,,
1162,,,,,,
1352,,,,,,
1166,,,,,,
1687,,,,,,
976,,,,,,
1505,,,,,,
1220,,,,,,
842,,,,,,
1181,,,,,,
1281,,,,,,
806,,,,,,
853,,,,,,
704,,,,,,
1251,,,,,,
1233,,,,,,
772,,,,,,
665,,,,,,
1020,,,,,,
603,,,,,,
288,,,,,,
955,,,,,,
1156,,,,,,
737,,,,,,
710,,,,,,
915,,,,,,
877,,,,,,
462,,,,,,
1013,,,,,,
1200,,,,,,
706,,,,,,
860,,,,,,
515,,,,,,
973,,,,,,
1327,,,,,,
1056,,,,,,
760,,,,,,
891,,,,,,
928,,,,,,
952,,,,,,
962,,,,,,
1074,,,,,,
1355,,,,,,
691,,,,,,
1598,,,,,,
532,,,,,,
1003,,,,,,
847,,,,,,
907,,,,,,
614,,,,,,
975,,,,,,
797,,,,,,
675,,,,,,
469,,,,,,
591,,,,,,
812,,,,,,
905,,,,,,
1158,,,,,,
1279,,,,,,
871,,,,,,
1056,,,,,,
1058,,,,,,
1054,,,,,,
951,,,,,,
806,,,,,,
590,,,,,,
388,,,,,,
661,,,,,,
1027,,,,,,
795,,,,,,
1394,,,,,,
1106,,,,,,
636,,,,,,
1168,,,,,,
1163,,,,,,
985,,,,,,
932,,,,,,
968,,,,,,
658,,,,,,
1532,,,,,,
1212,,,,,,
803,,,,,,
971,,,,,,
1154,,,,,,
992,,,,,,
784,,,,,,
608,,,,,,
1254,,,,,,
1450,,,,,,
1045,,,,,,
1279,,,,,,
418,,,,,,
929,,,,,,
788,,,,,,
510,,,,,,
914,,,,,,
596,,,,,,
944,,,,,,
787,,,,,,
1152,,,,,,
1264,,,,,,
726,,,,,,
974,,,,,,
817,,,,,,
992,,,,,,
978,,,,,,
742,,,,,,
936,,,,,,
748,,,,,,
1058,,,,,,
915,,,,,,
849,,,,,,
565,,,,,,
978,,,,,,
1263,,,,,,
1314,,,,,,
1294,,,,,,
734,,,,,,
1370,,,,,,
1084,,,,,,
999,,,,,,
561,,,,,,
1119,,,,,,
917,,,,,,
626,,,,,,
875,,,,,,
924,,,,,,
911,,,,,,
625,,,,,,
1225,,,,,,
848,,,,,,
840,,,,,,
734,,,,,,
1106,,,,,,
826,,,,,,
1332,,,,,,
876,,,,,,
1095,,,,,,
621,,,,,,
922,,,,,,
824,,,,,,
865,,,,,,
1369,,,,,,
824,,,,,,
841,,,,,,
843,,,,,,
819,,,,,,
1007,,,,,,
1327,,,,,,
1173,,,,,,
1096,,,,,,
815,,,,,,
980,,,,,,
943,,,,,,
701,,,,,,
1222,,,,,,
1179,,,,,,
832,,,,,,
641,,,,,,
1004,,,,,,
600,,,,,,
892,,,,,,
686,,,,,,
1290,,,,,,
1068,,,,,,
869,,,,,,
604,,,,,,
1084,,,,,,
1107,,,,,,
1196,,,,,,
592,,,,,,
870,,,,,,
1368,,,,,,
776,,,,,,
964,,,,,,
859,,,,,,
1195,,,,,,
1045,,,,,,
1129,,,,,,
623,,,,,,
1398,,,,,,
925,,,,,,
910,,,,,,
771,,,,,,
1052,,,,,,
574,,,,,,
1289,,,,,,
894,,,,,,
631,,,,,,
733,,,,,,
838,,,,,,
684,,,,,,
509,,,,,,
648,,,,,,
979,,,,,,
805,,,,,,
651,,,,,,
1038,,,,,,
884,,,,,,
670,,,,,,
834,,,,,,
1181,,,,,,
713,,,,,,
904,,,,,,
809,,,,,,
1069,,,,,,
412,,,,,,
698,,,,,,
1119,,,,,,
1255,,,,,,
719,,,,,,
840,,,,,,
617,,,,,,
938,,,,,,
642,,,,,,
602,,,,,,
1221,,,,,,
1037,,,,,,
1086,,,,,,
652,,,,,,
926,,,,,,
983,,,,,,
669,,,,,,
767,,,,,,
1219,,,,,,
1103,,,,,,
788,,,,,,
1075,,,,,,
1233,,,,,,
957,,,,,,
844,,,,,,
1391,,,,,,
1202,,,,,,
1239,,,,,,
619,,,,,,
1226,,,,,,
827,,,,,,
563,,,,,,
586,,,,,,
748,,,,,,
812,,,,,,
1117,,,,,,
980,,,,,,
974,,,,,,
878,,,,,,
1220,,,,,,
1145,,,,,,
653,,,,,,
750,,,,,,
1149,,,,,,
745,,,,,,
1828,,,,,,
1091,,,,,,
1042,,,,,,
748,,,,,,
1036,,,,,,
1242,,,,,,
669,,,,,,
521,,,,,,
1017,,,,,,
959,,,,,,
594,,,,,,
538,,,,,,
1185,,,,,,
867,,,,,,
1250,,,,,,
1055,,,,,,
810,,,,,,
645,,,,,,
979,,,,,,
742,,,,,,
818,,,,,,
1248,,,,,,
890,,,,,,
473,,,,,,
544,,,,,,
998,,,,,,
924,,,,,,
850,,,,,,
885,,,,,,
690,,,,,,
886,,,,,,
982,,,,,,
1067,,,,,,
1245,,,,,,
1176,,,,,,
586,,,,,,
1000,,,,,,
638,,,,,,
1393,,,,,,
778,,,,,,
956,,,,,,
766,,,,,,
1158,,,,,,
1129,,,,,,
633,,,,,,
1422,,,,,,
915,,,,,,
955,,,,,,
766,,,,,,
869,,,,,,
1123,,,,,,
1273,,,,,,
1036,,,,,,
387,,,,,,
1226,,,,,,
948,,,,,,
525,,,,,,
1125,,,,,,
1051,,,,,,
987,,,,,,
838,,,,,,
1002,,,,,,
927,,,,,,
781,,,,,,
1197,,,,,,
843,,,,,,
742,,,,,,
1132,,,,,,
876,,,,,,
962,,,,,,
1127,,,,,,
1120,,,,,,
899,,,,,,
984,,,,,,
833,,,,,,
877,,,,,,
1140,,,,,,
894,,,,,,
827,,,,,,
641,,,,,,
1290,,,,,,
703,,,,,,
1066,,,,,,
612,,,,,,
204,,,,,,
1289,,,,,,
694,,,,,,
1122,,,,,,
1334,,,,,,
1109,,,,,,
940,,,,,,
829,,,,,,
1038,,,,,,
904,,,,,,
1043,,,,,,
1578,,,,,,
534,,,,,,
1244,,,,,,
963,,,,,,
779,,,,,,
939,,,,,,
719,,,,,,
707,,,,,,
1382,,,,,,
1255,,,,,,
634,,,,,,
635,,,,,,
973,,,,,,
904,,,,,,
695,,,,,,
943,,,,,,
1058,,,,,,
1007,,,,,,
1088,,,,,,
1362,,,,,,
843,,,,,,
1012,,,,,,
896,,,,,,
787,,,,,,
741,,,,,,
412,,,,,,
992,,,,,,
1036,,,,,,
757,,,,,,
626,,,,,,
1022,,,,,,
826,,,,,,
432,,,,,,
1371,,,,,,
980,,,,,,
942,,,,,,
803,,,,,,
1181,,,,,,
1224,,,,,,
727,,,,,,
656,,,,,,
672,,,,,,
1071,,,,,,
1312,,,,,,
976,,,,,,
765,,,,,,
881,,,,,,
749,,,,,,
988,,,,,,
550,,,,,,
1160,,,,,,
973,,,,,,
951,,,,,,
835,,,,,,
1150,,,,,,
665,,,,,,
981,,,,,,
800,,,,,,
1023,,,,,,
1188,,,,,,
1113,,,,,,
552,,,,,,
1308,,,,,,
853,,,,,,
1134,,,,,,
1499,,,,,,
1152,,,,,,
851,,,,,,
668,,,,,,
589,,,,,,
975,,,,,,
901,,,,,,
1078,,,,,,
970,,,,,,
1055,,,,,,
720,,,,,,
523,,,,,,
559,,,,,,
909,,,,,,
1541,,,,,,
1002,,,,,,
795,,,,,,
1256,,,,,,
1042,,,,,,
1066,,,,,,
1131,,,,,,
935,,,,,,
604,,,,,,
620,,,,,,
1272,,,,,,
1202,,,,,,
606,,,,,,
1206,,,,,,
997,,,,,,
1093,,,,,,
1119,,,,,,
1049,,,,,,
680,,,,,,
930,,,,,,
672,,,,,,
1173,,,,,,
695,,,,,,
1047,,,,,,
901,,,,,,
731,,,,,,
973,,,,,,
753,,,,,,
503,,,,,,
767,,,,,,
893,,,,,,
1008,,,,,,
840,,,,,,
679,,,,,,
1045,,,,,,
738,,,,,,
893,,,,,,
1499,,,,,,
966,,,,,,
1053,,,,,,
1227,,,,,,
1153,,,,,,
1418,,,,,,
1020,,,,,,
891,,,,,,
683,,,,,,
902,,,,,,
1218,,,,,,
721,,,,,,
1113,,,,,,
1091,,,,,,
1006,,,,,,
862,,,,,,
806,,,,,,
1090,,,,,,
1043,,,,,,
1481,,,,,,
997,,,,,,
1198,,,,,,
1003,,,,,,
533,,,,,,
771,,,,,,
1132,,,,,,
1209,,,,,,
1314,,,,,,
1000,,,,,,
1085,,,,,,
1195,,,,,,
1592,,,,,,
760,,,,,,
1098,,,,,,
1179,,,,,,
706,,,,,,
928,,,,,,
950,,,,,,
1336,,,,,,
983,,,,,,
1492,,,,,,
1372,,,,,,
784,,,,,,
810,,,,,,
666,,,,,,
850,,,,,,
595,,,,,,
771,,,,,,
935,,,,,,
877,,,,,,
777,,,,,,
1002,,,,,,
988,,,,,,
783,,,,,,
740,,,,,,
899,,,,,,
1055,,,,,,
861,,,,,,
992,,,,,,
970,,,,,,
686,,,,,,
791,,,,,,
786,,,,,,
1010,,,,,,
1059,,,,,,
965,,,,,,
784,,,,,,
681,,,,,,
997,,,,,,
913,,,,,,
831,,,,,,
1302,,,,,,
885,,,,,,
1412,,,,,,
1173,,,,,,
644,,,,,,
848,,,,,,
890,,,,,,
921,,,,,,
1126,,,,,,
1235,,,,,,
856,,,,,,
332,,,,,,
841,,,,,,
1213,,,,,,
783,,,,,,
1038,,,,,,
1244,,,,,,
472,,,,,,
670,,,,,,
1287,,,,,,
995,,,,,,
731,,,,,,
745,,,,,,
1370,,,,,,
945,,,,,,
574,,,,,,
1033,,,,,,
917,,,,,,
881,,,,,,
1328,,,,,,
500,,,,,,
1194,,,,,,
801,,,,,,
896,,,,,,
1136,,,,,,
695,,,,,,
762,,,,,,
1125,,,,,,
1040,,,,,,
1006,,,,,,
601,,,,,,
1131,,,,,,
686,,,,,,
857,,,,,,
993,,,,,,
811,,,,,,
859,,,,,,
367,,,,,,
1145,,,,,,
1405,,,,,,
788,,,,,,
1164,,,,,,
989,,,,,,
1123,,,,,,
1128,,,,,,
802,,,,,,
463,,,,,,
589,,,,,,
1082,,,,,,
1178,,,,,,
1215,,,,,,
1208,,,,,,
1052,,,,,,
1119,,,,,,
1408,,,,,,
774,,,,,,
1017,,,,,,
1178,,,,,,
601,,,,,,
634,,,,,,
753,,,,,,
1036,,,,,,
832,,,,,,
1055,,,,,,
835,,,,,,
1234,,,,,,
877,,,,,,
814,,,,,,
894,,,,,,
1066,,,,,,
672,,,,,,
757,,,,,,
821,,,,,,
674,,,,,,
784,,,,,,
896,,,,,,
936,,,,,,
962,,,,,,
629,,,,,,
1016,,,,,,
1180,,,,,,
1167,,,,,,
1027,,,,,,
899,,,,,,
1022,,,,,,
810,,,,,,
880,,,,,,
908,,,,,,
1041,,,,,,
1274,,,,,,
1007,,,,,,
1372,,,,,,
1070,,,,,,
1459,,,,,,
675,,,,,,
999,,,,,,
959,,,,,,
821,,,,,,
899,,,,,,
980,,,,,,
1004,,,,,,
952,,,,,,
772,,,,,,
730,,,,,,
814,,,,,,
1040,,,,,,
948,,,,,,
556,,,,,,
323,,,,,,
1178,,,,,,
987,,,,,,
1029,,,,,,
1137,,,,,,
1198,,,,,,
587,,,,,,
1178,,,,,,
1518,,,,,,
1308,,,,,,
1103,,,,,,
1287,,,,,,
1301,,,,,,
545,,,,,,
1350,,,,,,
820,,,,,,
1290,,,,,,
1100,,,,,,
879,,,,,,
961,,,,,,
675,,,,,,
748,,,,,,
1114,,,,,,
981,,,,,,
1243,,,,,,
746,,,,,,
875,,,,,,
541,,,,,,
417,,,,,,
875,,,,,,
1015,,,,,,
567,,,,,,
1183,,,,,,
530,,,,,,
767,,,,,,
1013,,,,,,
739,,,,,,
798,,,,,,
1180,,,,,,
987,,,,,,
352,,,,,,
1278,,,,,,
915,,,,,,
688,,,,,,
1045,,,,,,
756,,,,,,
1032,,,,,,
1002,,,,,,
1398,,,,,,
935,,,,,,
684,,,,,,
1311,,,,,,
1149,,,,,,
691,,,,,,
851,,,,,,
511,,,,,,
1017,,,,,,
1089,,,,,,
752,,,,,,
826,,,,,,
1464,,,,,,
720,,,,,,
969,,,,,,
981,,,,,,
963,,,,,,
993,,,,,,
1405,,,,,,
1315,,,,,,
719,,,,,,
927,,,,,,
991,,,,,,
806,,,,,,
121,,,,,,
783,,,,,,
1166,,,,,,
1125,,,,,,
934,,,,,,
809,,,,,,
652,,,,,,
562,,,,,,
1002,,,,,,
746,,,,,,
1229,,,,,,
869,,,,,,
630,,,,,,
570,,,,,,
741,,,,,,
753,,,,,,
1012,,,,,,
833,,,,,,
760,,,,,,
1037,,,,,,
742,,,,,,
872,,,,,,
857,,,,,,
548,,,,,,
1055,,,,,,
1333,,,,,,
974,,,,,,
786,,,,,,
1359,,,,,,
972,,,,,,
652,,,,,,
997,,,,,,
948,,,,,,
686,,,,,,
754,,,,,,
995,,,,,,
849,,,,,,
1006,,,,,,
908,,,,,,
1009,,,,,,
1159,,,,,,
1280,,,,,,
435,,,,,,
1069,,,,,,
918,,,,,,
546,,,,,,
1553,,,,,,
758,,,,,,
729,,,,,,
1181,,,,,,
805,,,,,,
634,,,,,,
856,,,,,,
1372,,,,,,
1256,,,,,,
935,,,,,,
737,,,,,,
907,,,,,,
951,,,,,,
958,,,,,,
662,,,,,,
884,,,,,,
689,,,,,,
1098,,,,,,
1586,,,,,,
685,,,,,,
66,,,,,,
1480,,,,,,
1039,,,,,,
747,,,,,,
587,,,,,,
1088,,,,,,
1014,,,,,,
463,,,,,,
1101,,,,,,
1147,,,,,,
1146,,,,,,
846,,,,,,
808,,,,,,
687,,,,,,
1007,,,,,,
829,,,,,,
694,,,,,,
1161,,,,,,
1122,,,,,,
726,,,,,,
671,,,,,,
863,,,,,,
1006,,,,,,
506,,,,,,
1033,,,,,,
812,,,,,,
1087,,,,,,
982,,,,,,
708,,,,,,
951,,,,,,
1053,,,,,,
794,,,,,,
941,,,,,,
808,,,,,,
667,,,,,,
1120,,,,,,
739,,,,,,
487,,,,,,
754,,,,,,
1471,,,,,,
1435,,,,,,
1265,,,,,,
1099,,,,,,
977,,,,,,
930,,,,,,
611,,,,,,
756,,,,,,
970,,,,,,
910,,,,,,
1053,,,,,,
1007,,,,,,
779,,,,,,
893,,,,,,
910,,,,,,
1018,,,,,,
1208,,,,,,
1628,,,,,,
967,,,,,,
1262,,,,,,
664,,,,,,
885,,,,,,
977,,,,,,
731,,,,,,
1356,,,,,,
996,,,,,,
969,,,,,,
1399,,,,,,
1178,,,,,,
1004,,,,,,
1139,,,,,,
1072,,,,,,
1179,,,,,,
836,,,,,,
1221,,,,,,
1194,,,,,,
607,,,,,,
1172,,,,,,
717,,,,,,
787,,,,,,
665,,,,,,
1177,,,,,,
833,,,,,,
955,,,,,,
783,,,,,,
464,,,,,,
1180,,,,,,
1039,,,,,,
1458,,,,,,
1121,,,,,,
1015,,,,,,
1080,,,,,,
1268,,,,,,
1025,,,,,,
387,,,,,,
627,,,,,,
1098,,,,,,
805,,,,,,
995,,,,,,
1380,,,,,,
840,,,,,,
555,,,,,,
1063,,,,,,
1304,,,,,,
505,,,,,,
830,,,,,,
848,,,,,,
974,,,,,,
902,,,,,,
796,,,,,,
1038,,,,,,
941,,,,,,
1619,,,,,,
751,,,,,,
745,,,,,,
939,,,,,,
784,,,,,,
766,,,,,,
807,,,,,,
981,,,,,,
460,,,,,,
909,,,,,,
791,,,,,,
1059,,,,,,
1174,,,,,,
789,,,,,,
613,,,,,,
727,,,,,,
792,,,,,,
888,,,,,,
544,,,,,,
787,,,,,,
641,,,,,,
979,,,,,,
901,,,,,,
1234,,,,,,
1164,,,,,,
817,,,,,,
843,,,,,,
1378,,,,,,
1078,,,,,,
613,,,,,,
863,,,,,,
912,,,,,,
1154,,,,,,
1036,,,,,,
962,,,,,,
486,,,,,,
808,,,,,,
901,,,,,,
461,,,,,,
790,,,,,,
1045,,,,,,
892,,,,,,
669,,,,,,
853,,,,,,
989,,,,,,
529,,,,,,
1099,,,,,,
786,,,,,,
782,,,,,,
828,,,,,,
844,,,,,,
713,,,,,,
867,,,,,,
1230,,,,,,
1024,,,,,,
749,,,,,,
709,,,,,,
859,,,,,,
1060,,,,,,
1187,,,,,,
804,,,,,,
1099,,,,,,
1239,,,,,,
773,,,,,,
1267,,,,,,
1160,,,,,,
994,,,,,,
1089,,,,,,
1107,,,,,,
971,,,,,,
734,,,,,,
1342,,,,,,
1185,,,,,,
175,,,,,,
868,,,,,,
352,,,,,,
608,,,,,,
956,,,,,,
1086,,,,,,
828,,,,,,
916,,,,,,
971,,,,,,
973,,,,,,
858,,,,,,
597,,,,,,
375,,,,,,
1033,,,,,,
946,,,,,,
1544,,,,,,
1080,,,,,,
485,,,,,,
1039,,,,,,
746,,,,,,
1011,,,,,,
910,,,,,,
745,,,,,,
1107,,,,,,
938,,,,,,
989,,,,,,
994,,,,,,
825,,,,,,
758,,,,,,
1093,,,,,,
478,,,,,,
871,,,,,,
1043,,,,,,
987,,,,,,
416,,,,,,
638,,,,,,
821,,,,,,
616,,,,,,
1209,,,,,,
982,,,,,,
529,,,,,,
1346,,,,,,
425,,,,,,
1022,,,,,,
932,,,,,,
1103,,,,,,
523,,,,,,
772,,,,,,
667,,,,,,
635,,,,,,
904,,,,,,
463,,,,,,
996,,,,,,
251,,,,,,
658,,,,,,
615,,,,,,
1022,,,,,,
941,,,,,,
946,,,,,,
158,,,,,,
1119,,,,,,
1019,,,,,,
761,,,,,,
984,,,,,,
829,,,,,,
827,,,,,,
844,,,,,,
837,,,,,,
972,,,,,,
1372,,,,,,
562,,,,,,
1242,,,,,,
706,,,,,,
744,,,,,,
790,,,,,,
1006,,,,,,
945,,,,,,
991,,,,,,
1085,,,,,,
623,,,,,,
772,,,,,,
1059,,,,,,
991,,,,,,
890,,,,,,
829,,,,,,
979,,,,,,
1236,,,,,,
1213,,,,,,
1004,,,,,,
723,,,,,,
959,,,,,,
712,,,,,,
742,,,,,,
848,,,,,,
996,,,,,,
1001,,,,,,
901,,,,,,
338,,,,,,
613,,,,,,
926,,,,,,
865,,,,,,
975,,,,,,
1326,,,,,,
549,,,,,,
910,,,,,,
1205,,,,,,
1254,,,,,,
911,,,,,,
1197,,,,,,
1241,,,,,,
795,,,,,,
983,,,,,,
1022,,,,,,
960,,,,,,
1192,,,,,,
1119,,,,,,
773,,,,,,
1133,,,,,,
1296,,,,,,
630,,,,,,
1019,,,,,,
1215,,,,,,
1208,,,,,,
843,,,,,,
1046,,,,,,
1057,,,,,,
1186,,,,,,
1117,,,,,,
846,,,,,,
908,,,,,,
1275,,,,,,
493,,,,,,
1215,,,,,,
1257,,,,,,
859,,,,,,
1281,,,,,,
781,,,,,,
680,,,,,,
521,,,,,,
1435,,,,,,
560,,,,,,
1247,,,,,,
964,,,,,,
597,,,,,,
648,,,,,,
975,,,,,,
1090,,,,,,
786,,,,,,
1173,,,,,,
1138,,,,,,
919,,,,,,
1011,,,,,,
742,,,,,,
1048,,,,,,
1450,,,,,,
539,,,,,,
782,,,,,,
572,,,,,,
901,,,,,,
571,,,,,,
829,,,,,,
480,,,,,,
805,,,,,,
702,,,,,,
640,,,,,,
930,,,,,,
950,,,,,,
952,,,,,,
786,,,,,,
960,,,,,,
746,,,,,,
751,,,,,,
561,,,,,,
1553,,,,,,
715,,,,,,
1211,,,,,,
1181,,,,,,
884,,,,,,
901,,,,,,
730,,,,,,
1071,,,,,,
1052,,,,,,
1007,,,,,,
756,,,,,,
1046,,,,,,
275,,,,,,
992,,,,,,
1263,,,,,,
808,,,,,,
541,,,,,,
841,,,,,,
958,,,,,,
991,,,,,,
751,,,,,,
1450,,,,,,
840,,,,,,
800,,,,,,
1063,,,,,,
876,,,,,,
865,,,,,,
807,,,,,,
832,,,,,,
908,,,,,,
1077,,,,,,
568,,,,,,
1445,,,,,,
1162,,,,,,
1037,,,,,,
505,,,,,,
938,,,,,,
490,,,,,,
891,,,,,,
855,,,,,,
863,,,,,,
976,,,,,,
818,,,,,,
1207,,,,,,
1266,,,,,,
1002,,,,,,
1343,,,,,,
772,,,,,,
854,,,,,,
1240,,,,,,
1023,,,,,,
1021,,,,,,
915,,,,,,
695,,,,,,
1158,,,,,,
1007,,,,,,
1114,,,,,,
1369,,,,,,
